create DATABASE  IF NOT EXISTS `tienda2020` /*!40100 DEFAULT CHARACTER SET latin1 */;
USE `tienda2020`;
-- MySQL dump 10.13  Distrib 5.5.16, for Win32 (x86)
--
-- Host: localhost    Database: verduras
-- ------------------------------------------------------
-- Server version	5.5.24

/*!40101 SET @OLD_CHARACTER_SET_CLIENT=@@CHARACTER_SET_CLIENT */;
/*!40101 SET @OLD_CHARACTER_SET_RESULTS=@@CHARACTER_SET_RESULTS */;
/*!40101 SET @OLD_COLLATION_CONNECTION=@@COLLATION_CONNECTION */;
/*!40101 SET NAMES utf8 */;
/*!40103 SET @OLD_TIME_ZONE=@@TIME_ZONE */;
/*!40103 SET TIME_ZONE='+00:00' */;
/*!40014 SET @OLD_UNIQUE_CHECKS=@@UNIQUE_CHECKS, UNIQUE_CHECKS=0 */;
/*!40014 SET @OLD_FOREIGN_KEY_CHECKS=@@FOREIGN_KEY_CHECKS, FOREIGN_KEY_CHECKS=0 */;
/*!40101 SET @OLD_SQL_MODE=@@SQL_MODE, SQL_MODE='NO_AUTO_VALUE_ON_ZERO' */;
/*!40111 SET @OLD_SQL_NOTES=@@SQL_NOTES, SQL_NOTES=0 */;

--
-- Table structure for table `grupos`
--

DROP TABLE IF EXISTS `grupos`;
/*!40101 SET @saved_cs_client     = @@character_set_client */;
/*!40101 SET character_set_client = utf8 */;
CREATE TABLE `grupos` (
  `Idgrupo` int(11) NOT NULL,
  `NombreGrupo` varchar(50) DEFAULT NULL,
  PRIMARY KEY (`Idgrupo`)
) ENGINE=InnoDB DEFAULT CHARSET=latin1;
/*!40101 SET character_set_client = @saved_cs_client */;

--
-- Dumping data for table `grupos`
--

LOCK TABLES `grupos` WRITE;
/*!40000 ALTER TABLE `grupos` DISABLE KEYS */;
INSERT INTO `grupos` VALUES (1,'Frutas'),(2,'Verduras'),(3,'Hortalizas');
/*!40000 ALTER TABLE `grupos` ENABLE KEYS */;
UNLOCK TABLES;

--
-- Table structure for table `productos`
--

DROP TABLE IF EXISTS `productos`;
/*!40101 SET @saved_cs_client     = @@character_set_client */;
/*!40101 SET character_set_client = utf8 */;
CREATE TABLE `productos` (
  `IdProducto` int(11) NOT NULL,
  `NomProducto` varchar(50) DEFAULT NULL,
  `IdGrupo` int(11) DEFAULT NULL,
  `Precio` float DEFAULT NULL,
  PRIMARY KEY (`IdProducto`)
) ENGINE=InnoDB DEFAULT CHARSET=latin1;
/*!40101 SET character_set_client = @saved_cs_client */;

--
-- Dumping data for table `productos`
--

LOCK TABLES `productos` WRITE;
/*!40000 ALTER TABLE `productos` DISABLE KEYS */;
INSERT INTO `productos` VALUES (1,'Mandarinas',1,3.9325),(2,'Lechugas',2,1.6335),(3,'Melones',1,1.936),(4,'Coles',2,0.605),(5,'Berenjenas',3,2.541),(6,'Platanos',1,2.42),(7,'Tomates',2,0.968),(8,'Uvas',1,3.63),(9,'Espárragos',3,1.21),(10,'Zanahorias',3,0.605),(11,'Naranjas',1,1.21),(12,'Melocotón',1,2.42),(13,'Pimientos',3,0.242),(14,'Manzana',1,3.63),(15,'Patatas',3,2.42);
/*!40000 ALTER TABLE `productos` ENABLE KEYS */;
UNLOCK TABLES;

--
-- Table structure for table `vendedores`
--

DROP TABLE IF EXISTS `vendedores`;
/*!40101 SET @saved_cs_client     = @@character_set_client */;
/*!40101 SET character_set_client = utf8 */;
CREATE TABLE `vendedores` (
  `IdVendedor` int(11) NOT NULL,
  `NombreVendedor` varchar(50) DEFAULT NULL,
  `Apellidos` varchar(50) DEFAULT NULL,
  `FechaAlta` date DEFAULT NULL,
  `NIF` varchar(9) DEFAULT NULL,
  `FechaNac` date DEFAULT NULL,
  `Direccion` varchar(50) DEFAULT NULL,
  `Poblacion` varchar(50) DEFAULT NULL,
  `CodPostal` varchar(5) DEFAULT NULL,
  `Telefon` varchar(50) DEFAULT NULL,
  `Estadocivil` varchar(15) DEFAULT NULL,
  `Guapo` bit(1) DEFAULT NULL,
  PRIMARY KEY (`IdVendedor`)
) ENGINE=InnoDB DEFAULT CHARSET=latin1;
/*!40101 SET character_set_client = @saved_cs_client */;

--
-- Dumping data for table `vendedores`
--

LOCK TABLES `vendedores` WRITE;
/*!40000 ALTER TABLE `vendedores` DISABLE KEYS */;
INSERT INTO `vendedores` VALUES (1,'Iván','Pérez','2004-03-15','32456645D','1965-02-15','C/Las Ramblas','Barcelona','08782','937745214','Soltero',''),(2,'Carmen','López','2004-04-12','12121213G','1971-11-15','C/Mayor, 4','Madrid','28257','914556565','Separado','\0'),(3,'Rosa','Franco','2003-12-23','11313155O','1977-11-12','C/Menor, 6','Madrid','13131','937754585','Casado',''),(4,'Gloria','Santos','2001-01-01','13131333E','1960-01-13','Avda/Pas, 9','Barcelona','15344','464646466','Divorciado','\0'),(5,'Francisco','Fernández','2000-12-12','11213123O','1955-02-15','C/Ventas, 9','Tarragona','23131','131231231','Viudo',''),(6,'Monica','González','2000-02-12','13131313O','1970-11-12','C/La Ría, 4','Málaga','13131','445456464','Soltero','\0'),(7,'Luisa','Sanz','2002-12-12','46464646F','1964-04-12','Avda América','Madrid','45456','464646456','Separado',''),(8,'Ramon','García','2002-12-12','12113133G','1968-02-12','Pza Mayor, 3','Madrid','32311','231313131','Divorciado',''),(9,'Carlos','Requena','2004-02-12','13131313F','1980-02-11','C/La Unión, 5','Madrid','43434','464646464','Casado','\0'),(10,'Antonio','Martínez','1991-02-03','13131113G','1967-02-12','Pza Riu, 6','Barcelona','12121',NULL,'Separado',''),(11,'Enrique','Castro','2001-11-12','31113131G','1970-12-12','C/La Siesta, 7','Burgos','12111',NULL,'Divorciado','\0'),(12,'Carla','Martín','2001-11-12','31311313E','1969-01-12','C/Velázquez','León','31331','434464646','Separado',''),(13,'Federico','Marcos','1999-02-21','11313131C','1966-01-31','C/Granados, 4','León','21545','131131311','Casado',''),(14,'Adela','Ruiz','2002-02-20','46811136H','1977-09-25','Avda Montes, 2','Barcelona','08635','146546464','Casado','');
/*!40000 ALTER TABLE `vendedores` ENABLE KEYS */;
UNLOCK TABLES;

--
-- Table structure for table `ventas`
--

DROP TABLE IF EXISTS `ventas`;
/*!40101 SET @saved_cs_client     = @@character_set_client */;
/*!40101 SET character_set_client = utf8 */;
CREATE TABLE `ventas` (
  `CodVenta` int(11) NOT NULL,
  `CodVendedor` int(11) DEFAULT NULL,
  `CodProducto` int(11) DEFAULT NULL,
  `Fecha` date DEFAULT NULL,
  `Kilos` float DEFAULT NULL,
  PRIMARY KEY (`CodVenta`)
) ENGINE=InnoDB DEFAULT CHARSET=latin1;
/*!40101 SET character_set_client = @saved_cs_client */;

--
-- Dumping data for table `ventas`
--

LOCK TABLES `ventas` WRITE;
/*!40000 ALTER TABLE `ventas` DISABLE KEYS */;
INSERT INTO `ventas` VALUES (1,7,1,'1998-07-02',2089),(2,7,1,'1998-07-12',1322),(3,7,1,'1998-01-21',1176),(4,7,1,'1998-04-28',352),(5,7,1,'1998-05-28',290),(6,7,8,'1998-12-02',2000),(7,7,8,'1998-10-31',1218),(8,7,8,'1998-06-22',951),(9,7,8,'1998-01-28',536),(10,7,8,'1998-08-14',467),(11,7,8,'1998-07-10',347),(12,7,6,'1998-07-11',2026),(13,7,6,'1998-12-26',1609),(14,7,6,'1998-10-04',1036),(15,7,6,'1998-10-08',770),(16,7,6,'1998-03-12',659),(17,7,13,'1998-04-12',2394),(18,7,13,'1998-08-14',1643),(19,7,13,'1998-05-04',1538),(20,7,13,'1998-08-08',1376),(21,7,13,'1998-09-23',1190),(22,7,13,'1998-04-29',830),(23,7,13,'1998-01-09',697),(24,7,13,'1998-03-20',260),(25,7,2,'1998-05-25',2161),(26,7,2,'1998-12-25',1659),(27,7,2,'1998-12-21',1568),(28,7,2,'1998-11-07',1434),(29,7,10,'1998-10-24',2463),(30,7,10,'1998-04-06',2382),(31,7,10,'1998-10-17',2274),(32,7,10,'1998-04-12',1603),(33,7,10,'1998-07-05',693),(34,7,14,'1998-05-09',2307),(35,7,14,'1998-05-16',1794),(36,7,14,'1998-04-03',1724),(37,7,14,'1998-07-18',1299),(38,7,4,'1998-08-03',1580),(39,7,4,'1998-11-22',1404),(40,7,4,'1998-01-16',1143),(41,7,5,'1998-12-05',1328),(42,3,11,'1998-08-02',1776),(43,3,11,'1998-08-18',1518),(44,3,11,'1998-01-05',854),(45,3,11,'1998-03-05',704),(46,3,12,'1998-12-31',1772),(47,3,12,'1998-01-28',1617),(48,3,12,'1998-01-08',1369),(49,3,12,'1998-11-05',1308),(50,3,12,'1998-03-16',1130),(51,3,12,'1998-10-23',738),(52,3,12,'1998-03-28',709),(53,3,9,'1998-05-12',2244),(54,3,9,'1998-08-14',1330),(55,3,9,'1998-04-27',489),(56,3,9,'1998-05-31',384),(57,3,9,'1998-01-30',268),(58,3,3,'1998-09-19',1743),(59,3,3,'1998-06-28',1467),(60,3,3,'1998-07-28',928),(61,3,1,'1998-10-21',2298),(62,3,1,'1998-09-12',1151),(63,3,1,'1998-06-25',804),(64,3,8,'1998-05-30',1993),(65,3,8,'1998-11-15',1637),(66,3,8,'1998-04-26',1345),(67,14,11,'1998-01-02',1701),(68,11,11,'1998-04-22',1646),(69,11,11,'1998-12-30',1230),(70,11,12,'1998-05-04',2188),(71,11,12,'1998-05-30',1731),(72,11,12,'1998-07-31',501),(73,11,9,'1998-08-10',2429),(74,11,9,'1998-11-22',2410),(75,11,9,'1998-11-11',2104),(76,11,9,'1998-11-12',2037),(77,11,9,'1998-03-19',1098),(78,11,9,'1998-04-13',898),(79,11,7,'1998-12-16',1861),(80,11,7,'1998-01-18',1592),(81,11,7,'1998-11-30',798),(82,11,7,'1998-05-15',403),(83,11,7,'1998-10-01',363),(84,11,7,'1998-09-03',327),(85,11,3,'1998-06-02',1944),(86,11,1,'1998-11-27',2456),(87,11,1,'1998-05-25',2058),(88,11,1,'1998-01-29',1167),(89,11,1,'1998-10-16',481),(90,11,1,'1998-08-12',384),(91,11,8,'1998-09-07',2439),(92,11,8,'1998-02-23',2254),(93,11,8,'1998-02-05',2199),(94,11,8,'1998-12-15',1288),(95,11,8,'1998-09-30',723),(96,11,8,'1998-01-07',429),(97,11,6,'1998-01-06',2062),(98,11,6,'1998-05-08',877),(99,11,6,'1998-05-13',380),(100,11,13,'1998-02-10',2038),(101,11,13,'1998-09-22',948),(102,11,2,'1998-02-22',1739),(103,11,2,'1998-06-27',1348),(104,11,2,'1998-05-09',1322),(105,11,2,'1998-11-25',1093),(106,11,2,'1998-06-14',1031),(107,11,2,'1998-06-13',483),(108,11,10,'1998-11-10',2073),(109,11,10,'1998-04-30',824),(110,11,10,'1998-02-10',691),(111,11,14,'1998-02-11',2361),(112,11,14,'1998-07-21',2187),(113,11,14,'1998-09-17',1876),(114,11,14,'1998-05-06',613),(115,11,14,'1998-03-11',374),(116,11,4,'1998-03-03',2043),(117,11,4,'1998-07-05',1914),(118,11,4,'1998-03-10',1315),(119,11,4,'1998-07-27',1265),(120,11,4,'1998-07-09',282),(121,11,5,'1998-12-16',873),(122,11,5,'1998-05-28',868),(123,11,5,'1998-03-08',491),(124,6,11,'1998-01-25',2205),(125,6,11,'1998-06-10',1528),(126,6,11,'1998-11-16',870),(127,6,11,'1998-02-26',530),(128,6,12,'1998-10-23',2480),(129,6,12,'1998-08-19',2377),(130,6,12,'1998-07-05',1827),(131,6,12,'1998-01-04',1518),(132,6,12,'1998-01-04',1214),(133,6,12,'1998-09-23',1200),(134,6,12,'1998-12-08',914),(135,6,12,'1998-07-31',473),(136,6,12,'1998-11-09',328),(137,6,9,'1998-04-26',1441),(138,6,9,'1998-01-11',896),(139,6,7,'1998-05-05',1864),(140,6,7,'1998-05-07',1379),(141,6,7,'1998-03-12',1339),(142,6,7,'1998-01-20',1312),(143,6,7,'1998-04-17',285),(144,6,3,'1998-10-17',2493),(145,6,3,'1998-12-27',2289),(146,6,3,'1998-02-26',2227),(147,6,3,'1998-01-27',302),(148,6,1,'1998-07-05',2298),(149,6,1,'1998-07-06',2002),(150,6,1,'1998-01-12',1804),(151,6,1,'1998-06-10',1611),(152,6,1,'1998-12-30',878),(153,6,1,'1998-02-03',794),(154,6,1,'1998-07-18',677),(155,6,1,'1998-10-26',509),(156,6,8,'1998-05-27',1775),(157,6,8,'1998-11-03',501),(158,6,8,'1998-04-16',490),(159,6,6,'1998-11-03',1935),(160,6,6,'1998-04-09',905),(161,6,6,'1998-09-29',828),(162,6,6,'1998-10-01',674),(163,6,6,'1998-07-04',361),(164,6,13,'1998-01-12',2264),(165,6,13,'1998-05-17',1592),(166,6,13,'1998-09-20',409),(167,6,2,'1998-03-20',2054),(168,6,2,'1998-01-25',1770),(169,6,2,'1998-03-08',558),(170,6,10,'1998-02-19',2254),(171,6,10,'1998-06-13',1945),(172,6,10,'1998-08-03',1227),(173,6,10,'1998-03-15',872),(174,6,10,'1998-01-30',730),(175,6,10,'1998-01-22',422),(176,6,14,'1998-08-02',2490),(177,6,14,'1998-03-28',2466),(178,6,14,'1998-12-18',1734),(179,6,14,'1998-03-06',1653),(180,6,14,'1998-12-06',1643),(181,6,14,'1998-09-16',999),(182,6,14,'1998-12-27',899),(183,6,14,'1998-08-25',727),(184,6,14,'1998-11-16',362),(185,6,4,'1998-01-24',2351),(186,6,4,'1998-02-26',1864),(187,6,4,'1998-07-27',1395),(188,6,4,'1998-07-20',1351),(189,6,4,'1998-11-09',1271),(190,6,4,'1998-08-21',1188),(191,6,4,'1998-05-11',1106),(192,6,4,'1998-11-15',1081),(193,6,5,'1998-03-18',2487),(194,6,5,'1998-03-23',2414),(195,6,5,'1998-12-29',1943),(196,6,5,'1998-03-15',673),(197,1,11,'1998-06-03',2319),(198,1,11,'1998-10-21',2143),(199,1,11,'1998-05-23',265),(200,1,12,'1998-03-30',1999),(201,1,12,'1998-09-26',1508),(202,1,12,'1998-12-12',974),(203,1,12,'1998-04-12',833),(204,1,9,'1998-07-18',2437),(205,1,9,'1998-10-12',2086),(206,1,9,'1998-11-16',1422),(207,1,9,'1998-06-02',1315),(208,1,7,'1998-06-28',460),(209,1,3,'1998-09-16',2477),(210,1,3,'1998-12-13',2182),(211,1,3,'1998-03-31',1741),(212,1,3,'1998-10-18',1568),(213,1,3,'1998-04-12',1493),(214,1,3,'1998-01-28',1327),(215,1,3,'1998-03-14',933),(216,1,3,'1998-03-23',744),(217,1,3,'1998-06-25',735),(218,1,3,'1998-09-21',731),(219,1,3,'1998-01-09',277),(220,1,1,'1998-07-18',2066),(221,1,1,'1998-05-05',1945),(222,1,1,'1998-12-09',1838),(223,1,1,'1998-09-06',1400),(224,1,1,'1998-06-18',774),(225,1,8,'1998-09-28',2064),(226,1,8,'1998-09-14',1298),(227,1,8,'1998-11-08',1164),(228,1,8,'1998-01-11',547),(229,1,6,'1998-01-15',1928),(230,1,6,'1998-08-16',1533),(231,1,6,'1998-02-01',1516),(232,1,6,'1998-05-11',1459),(233,1,13,'1998-03-13',2021),(234,1,13,'1998-04-07',1911),(235,1,13,'1998-03-06',1128),(236,1,13,'1998-09-10',359),(237,1,13,'1998-08-31',351),(238,1,2,'1998-09-04',1220),(239,1,2,'1998-02-19',1059),(240,1,2,'1998-12-28',543),(241,1,2,'1998-06-13',375),(242,1,2,'1998-03-30',311),(243,1,10,'1998-01-02',2308),(244,1,10,'1998-07-18',1446),(245,1,10,'1998-11-11',1210),(246,1,10,'1998-02-16',645),(247,1,10,'1998-01-06',616),(248,1,14,'1998-04-28',2495),(249,1,14,'1998-08-25',2240),(250,1,14,'1998-03-25',2010),(251,1,14,'1998-07-11',1963),(252,1,14,'1998-11-19',1697),(253,1,14,'1998-11-12',1608),(254,1,14,'1998-11-03',1531),(255,1,14,'1998-03-15',1439),(256,1,14,'1998-09-20',932),(257,1,4,'1998-10-27',2350),(258,1,4,'1998-08-20',931),(259,1,4,'1998-02-09',695),(260,1,4,'1998-09-25',562),(261,1,4,'1998-07-31',405),(262,1,4,'1998-07-16',403),(263,1,5,'1998-10-12',1633),(264,1,5,'1998-10-14',1412),(265,1,5,'1998-04-05',1070),(266,1,5,'1998-07-27',915),(267,1,5,'1998-03-13',744),(268,1,5,'1998-01-09',574),(269,7,11,'1998-05-01',2447),(270,7,11,'1998-12-15',2206),(271,7,11,'1998-05-09',2006),(272,7,11,'1998-06-24',1802),(273,7,11,'1998-11-05',1234),(274,7,11,'1998-08-29',1045),(275,7,11,'1998-08-02',593),(276,7,11,'1998-03-14',263),(277,7,12,'1998-02-17',2393),(278,7,12,'1998-12-27',889),(279,7,12,'1998-10-04',550),(280,7,9,'1998-03-21',2206),(281,7,9,'1998-03-22',2129),(282,7,9,'1998-04-02',1906),(283,7,9,'1998-07-27',1767),(284,7,9,'1998-11-30',971),(285,7,9,'1998-11-08',592),(286,7,7,'1998-01-06',2329),(287,7,7,'1998-12-30',1736),(288,7,7,'1998-06-22',941),(289,7,3,'1998-01-07',2337),(290,7,3,'1998-05-28',1728),(291,7,3,'1998-12-10',1668),(292,7,3,'1998-09-24',1486),(293,3,8,'1998-02-04',1199),(294,3,8,'1998-03-29',1142),(295,3,8,'1998-02-01',869),(296,3,8,'1998-11-16',471),(297,3,8,'1998-12-27',312),(298,3,6,'1998-10-02',1493),(299,3,6,'1998-06-07',806),(300,3,6,'1998-01-11',625),(301,3,13,'1998-01-31',1693),(302,3,13,'1998-03-15',469),(303,3,13,'1998-05-22',428),(304,3,2,'1998-04-15',2398),(305,3,2,'1998-11-18',1607),(306,3,2,'1998-12-19',1499),(307,3,2,'1998-02-27',1047),(308,3,2,'1998-08-20',522),(309,3,10,'1998-12-09',1998),(310,3,10,'1998-02-23',1325),(311,3,10,'1998-09-14',937),(312,3,10,'1998-04-04',750),(313,3,10,'1998-12-17',646),(314,3,14,'1998-02-24',2039),(315,3,14,'1998-06-23',1733),(316,3,14,'1998-04-16',1357),(317,3,14,'1998-03-20',1323),(318,3,14,'1998-12-24',976),(319,3,14,'1998-12-04',657),(320,3,4,'1998-01-03',1987),(321,3,4,'1998-09-15',1693),(322,3,4,'1998-05-15',1593),(323,3,4,'1998-11-08',1023),(324,3,4,'1998-10-24',846),(325,3,4,'1998-08-22',764),(326,3,4,'1998-08-07',453),(327,7,5,'1998-01-02',2260),(328,3,5,'1998-02-06',2256),(329,3,5,'1998-03-20',1886),(330,3,5,'1998-08-04',1210),(331,3,5,'1998-12-03',1108),(332,3,5,'1998-12-08',935),(333,3,5,'1998-11-29',495),(334,9,11,'1998-03-31',1722),(335,9,12,'1998-04-28',1495),(336,9,12,'1998-05-31',1316),(337,9,12,'1998-06-07',1306),(338,9,9,'1998-12-07',2477),(339,9,9,'1998-04-15',1922),(340,9,9,'1998-04-27',735),(341,9,9,'1998-07-25',323),(342,9,7,'1998-09-03',2180),(343,9,7,'1998-12-01',1642),(344,9,7,'1998-01-29',1426),(345,9,7,'1998-05-28',1125),(346,9,7,'1998-09-15',575),(347,9,3,'1998-08-02',1405),(348,9,3,'1998-02-27',1278),(349,9,3,'1998-12-07',1025),(350,9,3,'1998-12-28',967),(351,9,3,'1998-01-27',895),(352,9,3,'1998-08-11',686),(353,9,3,'1998-05-09',646),(354,9,1,'1998-09-22',2155),(355,9,1,'1998-01-29',1459),(356,9,1,'1998-10-08',1340),(357,9,1,'1998-04-18',488),(358,9,8,'1998-11-16',2463),(359,9,8,'1998-07-12',1126),(360,9,8,'1998-02-06',816),(361,9,6,'1998-09-17',2463),(362,9,6,'1998-01-09',2443),(363,9,6,'1998-09-18',1869),(364,9,6,'1998-12-23',1719),(365,9,6,'1998-10-21',1688),(366,9,6,'1998-10-25',1537),(367,9,6,'1998-05-14',1196),(368,9,6,'1998-12-24',1182),(369,9,6,'1998-05-05',1096),(370,9,6,'1998-11-20',885),(371,9,6,'1998-01-22',832),(372,9,13,'1998-11-30',1124),(373,9,2,'1998-04-01',2123),(374,9,2,'1998-09-22',1203),(375,9,10,'1998-07-22',2257),(376,9,10,'1998-05-20',1454),(377,9,10,'1998-06-01',1221),(378,9,10,'1998-10-09',484),(379,9,14,'1998-03-27',1798),(380,9,14,'1998-03-11',1524),(381,9,14,'1998-07-24',1383),(382,9,4,'1998-09-29',2294),(383,9,4,'1998-03-27',2282),(384,9,4,'1998-02-28',2026),(385,9,4,'1998-01-10',1936),(386,9,4,'1998-12-11',691),(387,9,5,'1998-11-07',1880),(388,9,5,'1998-12-11',677),(389,9,5,'1998-11-05',516),(390,4,11,'1998-03-16',2408),(391,4,11,'1998-01-31',2254),(392,4,11,'1998-11-15',2054),(393,4,11,'1998-04-07',2026),(394,4,11,'1998-10-16',1322),(395,4,11,'1998-02-02',1234),(396,4,11,'1998-06-22',930),(397,4,11,'1998-10-31',636),(398,4,12,'1998-08-16',2013),(399,4,12,'1998-11-09',1693),(400,4,12,'1998-04-17',1446),(401,4,12,'1998-05-18',1362),(402,4,12,'1998-12-10',1272),(403,4,12,'1998-10-11',939),(404,4,12,'1998-04-24',502),(405,4,9,'1998-01-18',2148),(406,4,9,'1998-04-01',1511),(407,4,9,'1998-02-23',1387),(408,4,7,'1998-06-29',2076),(409,4,7,'1998-11-08',1896),(410,4,7,'1998-01-19',1573),(411,4,7,'1998-09-07',727),(412,4,7,'1998-07-14',612),(413,4,7,'1998-05-08',448),(414,4,7,'1998-06-13',274),(415,4,3,'1998-07-31',2250),(416,4,3,'1998-09-18',2188),(417,4,3,'1998-06-15',1917),(418,4,3,'1998-03-05',1857),(419,4,3,'1998-12-24',1311),(420,4,3,'1998-11-12',1162),(421,4,1,'1998-10-31',2467),(422,4,1,'1998-01-26',2412),(423,4,1,'1998-06-26',2363),(424,4,1,'1998-03-10',2205),(425,4,1,'1998-12-25',2182),(426,4,1,'1998-12-21',1317),(427,4,1,'1998-05-25',1166),(428,4,1,'1998-08-27',750),(429,4,8,'1998-08-20',1510),(430,4,8,'1998-04-02',953),(431,4,8,'1998-01-19',432),(432,4,6,'1998-09-13',2421),(433,4,6,'1998-03-17',1640),(434,4,6,'1998-09-14',1142),(435,4,6,'1998-09-17',1031),(436,4,13,'1998-10-16',2333),(437,4,13,'1998-01-08',2209),(438,4,13,'1998-06-09',1971),(439,4,13,'1998-01-28',1004),(440,4,13,'1998-12-05',738),(441,4,13,'1998-10-01',718),(442,4,13,'1998-05-06',588),(443,4,13,'1998-10-16',479),(444,4,13,'1998-06-14',414),(445,4,2,'1998-07-23',2181),(446,4,2,'1998-03-21',2096),(447,4,2,'1998-10-28',1713),(448,4,2,'1998-04-09',1489),(449,4,2,'1998-10-25',1111),(450,4,2,'1998-05-13',637),(451,4,2,'1998-03-09',340),(452,4,10,'1998-10-12',2332),(453,4,10,'1998-07-04',2071),(454,4,10,'1998-11-18',1994),(455,4,10,'1998-12-14',1428),(456,4,10,'1998-01-27',1222),(457,4,14,'1998-01-19',1461),(458,4,14,'1998-01-11',1398),(459,4,14,'1998-02-25',1373),(460,4,14,'1998-12-23',1292),(461,4,14,'1998-10-04',1242),(462,4,14,'1998-06-05',1167),(463,4,14,'1998-03-21',946),(464,4,4,'1998-11-08',2261),(465,4,4,'1998-06-12',2228),(466,4,4,'1998-10-19',2056),(467,4,4,'1998-05-27',1885),(468,4,4,'1998-10-05',1176),(469,4,4,'1998-01-11',507),(470,4,5,'1998-11-19',2423),(471,4,5,'1998-08-18',2145),(472,4,5,'1998-01-12',1636),(473,4,5,'1998-09-02',1090),(474,4,5,'1998-02-02',651),(475,4,5,'1998-03-06',622),(476,4,5,'1998-12-30',464),(477,4,5,'1998-10-14',436),(478,2,11,'1998-09-07',2039),(479,2,11,'1998-05-14',1559),(480,2,11,'1998-06-03',1238),(481,2,11,'1998-06-16',1158),(482,2,12,'1998-12-15',1733),(483,2,12,'1998-07-27',1197),(484,2,12,'1998-01-02',1012),(485,2,12,'1998-09-09',817),(486,2,9,'1998-10-15',1922),(487,2,9,'1998-10-20',1654),(488,2,9,'1998-02-04',1527),(489,2,9,'1998-10-24',1131),(490,2,9,'1998-01-08',1101),(491,2,9,'1998-08-11',1062),(492,2,7,'1998-09-06',2188),(493,2,7,'1998-08-21',1476),(494,2,7,'1998-07-21',969),(495,2,7,'1998-08-28',786),(496,2,3,'1998-06-18',1780),(497,2,3,'1998-08-29',1620),(498,2,3,'1998-10-19',783),(499,2,1,'1998-07-04',2213),(500,2,1,'1998-11-11',1351),(501,2,1,'1998-07-01',1304),(502,2,1,'1998-02-11',647),(503,2,8,'1998-08-05',2252),(504,2,8,'1998-11-10',2248),(505,2,8,'1998-11-07',1883),(506,2,8,'1998-12-19',1794),(507,2,8,'1998-11-24',1737),(508,2,8,'1998-09-30',510),(509,2,6,'1998-11-01',2449),(510,2,6,'1998-06-02',1784),(511,2,6,'1998-12-09',1109),(512,2,6,'1998-09-13',676),(513,2,6,'1998-01-07',558),(514,2,13,'1998-04-03',2371),(515,2,13,'1998-09-30',2204),(516,2,13,'1998-08-14',1926),(517,2,13,'1998-11-04',1925),(518,2,13,'1998-08-18',1470),(519,2,13,'1998-09-23',706),(520,2,13,'1998-01-02',595),(521,2,13,'1998-11-25',446),(522,2,2,'1998-05-29',1610),(523,2,2,'1998-09-02',1570),(524,2,2,'1998-08-02',1244),(525,2,2,'1998-09-02',877),(526,2,10,'1998-09-25',1949),(527,2,10,'1998-09-11',1674),(528,2,10,'1998-12-14',1434),(529,2,10,'1998-06-14',1309),(530,2,10,'1998-01-07',995),(531,2,10,'1998-03-07',344),(532,2,14,'1998-05-28',2306),(533,2,14,'1998-08-16',762),(534,2,4,'1998-02-24',2275),(535,2,4,'1998-11-09',2241),(536,2,4,'1998-01-23',1477),(537,2,4,'1998-05-19',670),(538,2,4,'1998-12-02',363),(539,2,5,'1998-08-27',2153),(540,2,5,'1998-07-11',1521),(541,2,5,'1998-05-16',1232),(542,2,5,'1998-03-16',839),(543,2,5,'1998-05-02',579),(544,8,11,'1998-12-02',2373),(545,8,11,'1998-09-23',699),(546,8,11,'1998-03-20',423),(547,8,12,'1998-04-24',2301),(548,8,12,'1998-02-07',1482),(549,8,12,'1998-08-08',1308),(550,8,9,'1998-01-02',2296),(551,8,9,'1998-01-16',1915),(552,8,9,'1998-08-03',1762),(553,8,9,'1998-12-20',1397),(554,8,9,'1998-06-11',1307),(555,8,9,'1998-08-21',643),(556,8,7,'1998-04-18',1729),(557,8,3,'1998-04-16',2082),(558,8,3,'1998-08-13',1934),(559,8,3,'1998-12-27',751),(560,8,3,'1998-06-15',556),(561,8,1,'1998-07-18',1594),(562,8,1,'1998-05-08',1564),(563,8,1,'1998-08-25',1491),(564,8,1,'1998-10-14',1344),(565,8,1,'1998-10-24',1005),(566,8,1,'1998-10-23',836),(567,8,1,'1998-08-20',525),(568,8,8,'1998-07-30',2272),(569,8,8,'1998-10-29',1810),(570,8,8,'1998-06-04',1594),(571,8,8,'1998-03-02',506),(572,8,6,'1998-06-09',2252),(573,8,6,'1998-03-28',1469),(574,8,6,'1998-12-14',832),(575,8,6,'1998-09-03',659),(576,8,13,'1998-04-17',1697),(577,8,13,'1998-07-07',1454),(578,8,13,'1998-02-24',1316),(579,8,2,'1998-02-16',1694),(580,8,2,'1998-06-16',1011),(581,8,2,'1998-05-04',398),(582,8,10,'1998-10-23',2048),(583,8,10,'1998-01-08',1784),(584,8,10,'1998-06-03',1439),(585,8,10,'1998-07-05',697),(586,8,10,'1998-01-28',512),(587,8,14,'1998-10-05',2477),(588,8,14,'1998-04-14',1912),(589,8,14,'1998-10-02',1869),(590,8,14,'1998-10-30',1287),(591,8,14,'1998-04-20',1089),(592,8,14,'1998-07-27',641),(593,8,14,'1998-02-13',624),(594,8,4,'1998-09-23',2077),(595,8,4,'1998-01-28',1747),(596,8,4,'1998-01-29',1693),(597,8,4,'1998-01-24',877),(598,8,4,'1998-03-27',828),(599,8,4,'1998-12-06',269),(600,8,5,'1998-10-09',2167),(601,8,5,'1998-03-02',1385),(602,8,5,'1998-01-04',1031),(603,8,5,'1998-11-09',682),(604,10,11,'1998-04-07',2492),(605,10,11,'1998-07-17',2312),(606,10,11,'1998-02-13',2136),(607,10,12,'1998-04-12',2360),(608,10,12,'1998-04-17',2118),(609,10,12,'1998-10-23',1767),(610,10,12,'1998-11-16',501),(611,10,9,'1998-02-10',2373),(612,10,9,'1998-11-21',2224),(613,10,9,'1998-09-19',1689),(614,10,9,'1998-07-11',1575),(615,10,9,'1998-11-29',567),(616,10,9,'1998-04-07',519),(617,10,7,'1998-03-27',2078),(618,10,7,'1998-05-23',1823),(619,10,7,'1998-04-23',1004),(620,10,7,'1998-02-14',955),(621,10,7,'1998-10-01',700),(622,10,3,'1998-10-24',1824),(623,10,3,'1998-10-21',1803),(624,10,3,'1998-04-22',795),(625,10,3,'1998-01-06',302),(626,10,8,'1998-09-13',2296),(627,10,8,'1998-06-08',1439),(628,10,8,'1998-03-31',1178),(629,10,8,'1998-01-13',699),(630,10,8,'1998-11-17',438),(631,10,6,'1998-06-27',2288),(632,10,6,'1998-03-30',1643),(633,10,6,'1998-01-18',789),(634,10,6,'1998-05-26',446),(635,10,6,'1998-07-24',389),(636,10,6,'1998-09-15',387),(637,10,6,'1998-07-12',381),(638,10,6,'1998-07-18',361),(639,10,13,'1998-04-13',2469),(640,10,13,'1998-07-23',492),(641,10,2,'1998-12-22',2486),(642,10,2,'1998-06-30',547),(643,10,2,'1998-01-23',545),(644,10,2,'1998-01-24',464),(645,10,10,'1998-02-13',2387),(646,10,10,'1998-06-29',1952),(647,10,10,'1998-01-19',1285),(648,10,10,'1998-09-30',1202),(649,10,10,'1998-05-23',720),(650,10,10,'1998-06-18',293),(651,10,14,'1998-02-23',1592),(652,10,4,'1998-10-18',2275),(653,10,4,'1998-01-06',824),(654,10,4,'1998-06-30',591),(655,10,4,'1998-05-23',567),(656,10,5,'1998-01-31',2456),(657,10,5,'1998-04-08',1773),(658,10,5,'1998-06-24',1239),(659,10,5,'1998-08-17',756),(660,10,5,'1998-01-20',752),(661,10,5,'1998-07-06',555),(662,5,11,'1998-10-19',2396),(663,5,11,'1998-04-04',2150),(664,5,11,'1998-02-20',1216),(665,5,11,'1998-11-18',413),(666,5,12,'1998-02-18',2387),(667,5,12,'1998-07-03',2075),(668,5,12,'1998-11-28',1351),(669,5,9,'1998-02-03',1842),(670,5,9,'1998-07-16',1813),(671,5,9,'1998-12-11',1462),(672,5,9,'1998-03-17',1189),(673,5,9,'1998-04-01',756),(674,5,9,'1998-12-12',345),(675,5,7,'1998-01-09',1930),(676,5,7,'1998-03-14',1095),(677,5,3,'1998-12-14',1631),(678,5,3,'1998-08-23',1456),(679,5,3,'1998-03-20',1339),(680,5,3,'1998-09-22',1144),(681,5,1,'1998-01-28',1887),(682,5,1,'1998-04-02',1505),(683,5,1,'1998-07-15',1200),(684,5,1,'1998-01-26',989),(685,5,1,'1998-05-07',983),(686,5,1,'1998-11-25',654),(687,5,1,'1998-07-29',642),(688,5,8,'1998-12-16',1326),(689,5,8,'1998-05-26',728),(690,5,8,'1998-04-12',587),(691,5,6,'1998-08-08',1835),(692,5,6,'1998-08-15',840),(693,5,6,'1998-04-12',573),(694,5,13,'1998-11-08',923),(695,5,13,'1998-03-31',867),(696,5,13,'1998-04-28',851),(697,5,13,'1998-01-04',556),(698,5,2,'1998-05-03',2298),(699,5,2,'1998-02-08',351),(700,5,2,'1998-07-28',285),(701,5,10,'1998-05-05',2188),(702,5,10,'1998-07-03',1338),(703,5,14,'1998-03-17',2052),(704,5,14,'1998-06-24',1966),(705,5,14,'1998-05-03',1053),(706,5,14,'1998-10-20',454),(707,5,4,'1998-05-30',2306),(708,5,4,'1998-01-26',2101),(709,5,4,'1998-03-05',1676),(710,5,4,'1998-12-07',1313),(711,5,4,'1998-02-18',1190),(712,5,4,'1998-08-26',1048),(713,5,4,'1998-07-02',1029),(714,5,4,'1998-04-20',686),(715,5,5,'1998-09-26',1867),(716,5,5,'1998-07-05',1219),(717,5,5,'1998-10-20',663),(718,5,5,'1998-07-12',286),(719,12,11,'1998-08-13',2387),(720,12,11,'1998-08-12',2187),(721,12,11,'1998-02-10',1399),(722,12,11,'1998-07-06',1089),(723,12,12,'1998-09-25',2369),(724,12,12,'1998-07-31',1862),(725,12,12,'1998-08-10',1546),(726,12,12,'1998-06-17',1318),(727,12,12,'1998-10-12',320),(728,12,9,'1998-08-22',2476),(729,12,9,'1998-08-30',2339),(730,12,9,'1998-02-25',970),(731,12,7,'1998-05-24',2254),(732,12,7,'1998-11-12',1737),(733,12,7,'1998-06-03',1507),(734,12,7,'1998-11-10',1284),(735,12,7,'1998-06-22',1176),(736,12,7,'1998-04-17',819),(737,12,3,'1998-08-17',1866),(738,12,3,'1998-09-04',1847),(739,12,3,'1998-06-30',1441),(740,12,3,'1998-06-22',1321),(741,12,3,'1998-06-25',1000),(742,12,3,'1998-08-21',518),(743,12,1,'1998-05-07',2329),(744,12,1,'1998-07-23',874),(745,12,8,'1998-12-29',2288),(746,12,8,'1998-06-29',1566),(747,12,8,'1998-05-17',858),(748,12,6,'1998-01-28',2342),(749,12,6,'1998-03-12',1845),(750,12,6,'1998-01-19',1660),(751,12,6,'1998-06-24',1347),(752,12,6,'1998-03-18',596),(753,12,6,'1998-04-16',483),(754,12,13,'1998-09-09',2297),(755,12,13,'1998-06-11',2238),(756,12,13,'1998-12-09',1949),(757,12,13,'1998-06-03',1921),(758,12,13,'1998-06-16',1594),(759,12,13,'1998-12-12',1021),(760,12,2,'1998-03-03',2009),(761,12,2,'1998-12-04',1903),(762,12,2,'1998-04-08',1796),(763,12,10,'1998-11-19',1208),(764,12,10,'1998-09-22',942),(765,12,10,'1998-01-27',928),(766,12,10,'1998-06-25',645),(767,12,10,'1998-02-04',316),(768,12,10,'1998-11-07',314),(769,12,10,'1998-06-16',298),(770,12,14,'1998-07-16',1758),(771,12,14,'1998-07-27',1457),(772,12,14,'1998-06-29',534),(773,12,4,'1998-02-14',1212),(774,12,4,'1998-11-03',920),(775,12,4,'1998-11-24',802),(776,12,4,'1998-09-08',799),(777,12,4,'1998-12-11',731),(778,12,4,'1998-03-05',474),(779,12,5,'1998-08-11',2321),(780,12,5,'1998-09-29',1008),(781,12,5,'1998-11-26',727),(782,12,5,'1998-12-17',366),(783,12,5,'1998-12-31',258),(784,13,11,'1998-09-26',1517),(785,13,11,'1998-03-05',1508),(786,13,11,'1998-02-27',786),(787,13,12,'1998-07-22',2480),(788,13,12,'1998-07-01',2203),(789,13,12,'1998-04-12',1629),(790,13,12,'1998-05-23',1433),(791,13,12,'1998-08-25',1277),(792,13,12,'1998-07-02',819),(793,13,12,'1998-12-27',817),(794,13,12,'1998-11-25',525),(795,13,12,'1998-03-08',367),(796,13,12,'1998-05-07',308),(797,13,9,'1998-05-31',2136),(798,13,9,'1998-02-01',1737),(799,13,9,'1998-04-15',1288),(800,13,9,'1998-09-23',1026),(801,13,7,'1998-09-13',2138),(802,13,7,'1998-03-09',2132),(803,13,7,'1998-04-29',1879),(804,13,7,'1998-02-20',957),(805,13,3,'1998-06-07',1275),(806,13,3,'1998-12-04',1210),(807,13,1,'1998-03-10',2388),(808,13,1,'1998-04-04',2102),(809,13,1,'1998-08-13',1575),(810,13,1,'1998-01-10',1409),(811,13,1,'1998-04-28',982),(812,13,1,'1998-12-10',604),(813,13,1,'1998-11-28',482),(814,13,1,'1998-08-25',255),(815,13,8,'1998-07-08',2082),(816,13,8,'1998-05-28',1528),(817,13,6,'1998-12-29',1270),(818,13,6,'1998-02-10',948),(819,13,6,'1998-07-26',806),(820,13,13,'1998-06-27',2164),(821,13,13,'1998-02-09',2128),(822,13,13,'1998-09-23',1197),(823,13,13,'1998-09-22',1009),(824,13,13,'1998-06-20',661),(825,13,13,'1998-05-23',496),(826,13,2,'1998-02-07',1338),(827,13,2,'1998-01-06',940),(828,13,2,'1998-12-19',911),(829,13,2,'1998-06-21',793),(830,13,2,'1998-03-01',702),(831,13,10,'1998-11-21',1621),(832,13,10,'1998-07-11',1129),(833,13,10,'1998-06-20',1033),(834,13,14,'1998-08-05',2465),(835,13,14,'1998-09-10',1978),(836,13,14,'1998-02-24',1397),(837,13,14,'1998-01-28',266),(838,13,4,'1998-02-23',1871),(839,13,4,'1998-03-29',1385),(840,13,5,'1998-12-12',2475),(841,13,5,'1998-07-14',2333),(842,13,5,'1998-10-26',2313),(843,13,5,'1998-09-12',1898),(844,13,5,'1998-08-23',710),(845,13,5,'1998-10-11',424),(846,13,5,'1998-09-07',291),(847,13,5,'1998-08-18',279),(848,11,11,'1999-03-04',2362),(849,11,11,'1999-06-06',1490),(850,11,11,'1999-12-09',1153),(851,11,12,'1999-08-02',2087),(852,11,12,'1999-04-06',1705),(853,11,12,'1999-07-16',1339),(854,11,12,'1999-01-10',721),(855,11,9,'1999-03-19',2090),(856,11,9,'1999-04-03',2027),(857,11,9,'1999-04-26',1735),(858,11,9,'1999-09-28',856),(859,11,9,'1999-10-06',649),(860,11,7,'1999-08-07',2100),(861,11,7,'1999-02-09',1805),(862,11,7,'1999-12-17',1618),(863,11,7,'1999-03-10',1430),(864,11,7,'1999-05-07',1150),(865,11,7,'1999-07-08',1096),(866,11,7,'1999-06-03',339),(867,11,3,'1999-09-04',1718),(868,11,3,'1999-07-07',1064),(869,11,3,'1999-02-24',1057),(870,11,3,'1999-06-19',768),(871,11,1,'1999-01-17',2414),(872,11,1,'1999-07-29',2302),(873,11,1,'1999-11-13',1943),(874,11,1,'1999-12-25',1123),(875,11,1,'1999-10-26',628),(876,11,1,'1999-12-10',398),(877,11,8,'1999-09-11',2420),(878,11,8,'1999-07-13',2119),(879,11,8,'1999-02-18',1404),(880,11,8,'1999-06-22',616),(881,11,6,'1999-06-11',2368),(882,11,6,'1999-06-21',2048),(883,11,6,'1999-01-09',1637),(884,11,6,'1999-01-12',1390),(885,11,6,'1999-08-13',1369),(886,11,6,'1999-07-31',1104),(887,11,6,'1999-08-25',816),(888,11,6,'1999-10-12',611),(889,11,6,'1999-07-21',301),(890,11,13,'1999-05-01',2443),(891,11,13,'1999-04-13',1886),(892,11,13,'1999-07-20',1477),(893,11,13,'1999-01-10',1451),(894,11,13,'1999-06-03',1290),(895,11,13,'1999-10-17',400),(896,11,2,'1999-02-22',2220),(897,11,2,'1999-05-18',2067),(898,11,2,'1999-06-08',1983),(899,11,2,'1999-07-04',1840),(900,11,2,'1999-08-23',557),(901,11,2,'1999-02-09',311),(902,11,2,'1999-12-27',288),(903,11,10,'1999-01-07',1314),(904,11,10,'1999-06-23',497),(905,11,14,'1999-12-06',2107),(906,11,14,'1999-12-16',2089),(907,11,14,'1999-03-15',2054),(908,11,14,'1999-08-03',1350),(909,11,14,'1999-10-29',889),(910,11,4,'1999-10-22',2285),(911,11,4,'1999-08-08',1402),(912,11,4,'1999-04-03',1270),(913,11,5,'1999-11-03',1946),(914,11,5,'1999-03-18',1365),(915,11,5,'1999-01-15',918),(916,11,5,'1999-09-26',486),(917,6,11,'1999-06-16',2190),(918,6,11,'1999-10-08',1746),(919,6,11,'1999-07-04',1716),(920,6,11,'1999-06-04',340),(921,6,12,'1999-09-21',2430),(922,6,12,'1999-09-30',2197),(923,6,12,'1999-11-25',1328),(924,6,12,'1999-11-02',743),(925,6,12,'1999-07-07',470),(926,6,12,'1999-12-12',263),(927,6,9,'1999-08-14',2469),(928,6,9,'1999-02-23',2346),(929,6,9,'1999-12-27',1901),(930,6,9,'1999-03-01',1097),(931,6,7,'1999-05-10',1877),(932,6,7,'1999-10-04',1591),(933,6,7,'1999-04-03',955),(934,6,7,'1999-04-12',802),(935,6,7,'1999-12-10',512),(936,6,3,'1999-08-11',1835),(937,6,3,'1999-08-12',1660),(938,6,3,'1999-06-06',1226),(939,6,3,'1999-08-07',1129),(940,6,1,'1999-02-03',1930),(941,6,1,'1999-02-24',1914),(942,6,1,'1999-08-29',1443),(943,6,1,'1999-10-20',524),(944,6,8,'1999-07-11',1961),(945,6,8,'1999-02-22',1185),(946,6,8,'1999-01-28',1065),(947,6,8,'1999-12-01',502),(948,6,8,'1999-10-23',367),(949,6,8,'1999-12-06',333),(950,6,6,'1999-12-02',2401),(951,6,6,'1999-10-07',1551),(952,6,6,'1999-07-11',423),(953,6,13,'1999-11-25',2359),(954,6,13,'1999-01-02',2071),(955,6,13,'1999-10-04',1974),(956,6,13,'1999-08-22',280),(957,6,2,'1999-01-10',1753),(958,6,2,'1999-01-25',831),(959,6,10,'1999-03-09',1879),(960,6,10,'1999-11-24',1112),(961,6,10,'1999-02-01',934),(962,6,14,'1999-07-16',2433),(963,6,14,'1999-01-11',2382),(964,6,14,'1999-12-05',2106),(965,6,14,'1999-02-27',491),(966,6,4,'1999-02-25',2136),(967,6,4,'1999-05-18',2078),(968,6,5,'1999-03-29',1495),(969,6,5,'1999-05-23',1423),(970,6,5,'1999-12-15',588),(971,1,11,'1999-10-04',2088),(972,1,11,'1999-10-20',1273),(973,1,11,'1999-11-29',701),(974,1,11,'1999-06-12',364),(975,1,12,'1999-06-25',2342),(976,1,12,'1999-02-08',1854),(977,1,12,'1999-10-13',1149),(978,1,12,'1999-04-10',1003),(979,1,12,'1999-10-20',898),(980,1,12,'1999-05-25',320),(981,1,12,'1999-02-07',259),(982,1,12,'1999-06-22',251),(983,1,9,'1999-03-13',2109),(984,1,7,'1999-06-05',2453),(985,1,7,'1999-01-21',2259),(986,1,7,'1999-02-25',1798),(987,1,7,'1999-06-08',1789),(988,1,7,'1999-11-14',1606),(989,1,7,'1999-12-25',1331),(990,1,7,'1999-05-29',708),(991,1,7,'1999-04-27',320),(992,1,3,'1999-04-23',2148),(993,1,3,'1999-06-04',1625),(994,1,3,'1999-08-20',646),(995,1,3,'1999-01-28',311),(996,1,1,'1999-07-24',1553),(997,1,1,'1999-12-20',1206),(998,1,8,'1999-10-08',2391),(999,1,8,'1999-03-15',2173),(1000,1,8,'1999-10-10',1430),(1001,1,8,'1999-08-23',859),(1002,1,8,'1999-12-03',802),(1003,1,8,'1999-12-30',446),(1004,1,6,'1999-02-26',740),(1005,1,6,'1999-04-14',657),(1006,1,13,'1999-05-20',2408),(1007,1,13,'1999-09-05',1985),(1008,1,2,'1999-08-02',2439),(1009,1,2,'1999-09-13',2139),(1010,1,2,'1999-07-10',1630),(1011,1,2,'1999-02-15',1397),(1012,1,2,'1999-05-04',1370),(1013,1,2,'1999-09-07',1232),(1014,1,10,'1999-02-04',2356),(1015,1,10,'1999-04-21',2198),(1016,1,10,'1999-01-17',1421),(1017,1,10,'1999-09-08',1255),(1018,1,10,'1999-03-21',1167),(1019,1,10,'1999-10-14',857),(1020,1,10,'1999-06-09',545),(1021,1,10,'1999-07-13',334),(1022,1,10,'1999-10-14',284),(1023,1,14,'1999-08-18',2398),(1024,1,14,'1999-09-20',1491),(1025,1,14,'1999-03-06',1170),(1026,1,14,'1999-07-10',846),(1027,1,4,'1999-11-05',2125),(1028,1,4,'1999-12-02',1766),(1029,1,4,'1999-08-17',1065),(1030,1,5,'1999-12-07',590),(1031,1,5,'1999-10-28',480),(1032,1,5,'1999-03-01',400),(1033,1,5,'1999-01-27',395),(1034,7,11,'1999-12-20',2150),(1035,7,11,'1999-08-09',2064),(1036,7,11,'1999-11-24',1420),(1037,7,11,'1999-12-31',437),(1038,7,12,'1999-01-06',2500),(1039,7,12,'1999-05-14',2432),(1040,7,12,'1999-02-06',1805),(1041,7,12,'1999-06-28',1387),(1042,7,12,'1999-11-10',1354),(1043,7,12,'1999-07-27',578),(1044,7,12,'1999-04-22',568),(1045,7,9,'1999-04-21',1708),(1046,7,9,'1999-09-26',1704),(1047,7,9,'1999-05-07',1349),(1048,7,9,'1999-01-02',1105),(1049,7,9,'1999-04-16',435),(1050,7,9,'1999-09-06',344),(1051,7,7,'1999-07-05',1996),(1052,7,7,'1999-07-20',1834),(1053,7,7,'1999-11-14',271),(1054,7,3,'1999-03-17',2387),(1055,7,3,'1999-12-26',1784),(1056,7,3,'1999-06-09',1760),(1057,7,3,'1999-06-14',1308),(1058,7,3,'1999-06-09',1207),(1059,7,3,'1999-02-10',988),(1060,7,3,'1999-03-21',677),(1061,7,1,'1999-10-31',838),(1062,7,1,'1999-07-08',635),(1063,7,8,'1999-07-15',1804),(1064,7,8,'1999-11-30',1454),(1065,7,8,'1999-01-26',1015),(1066,7,8,'1999-11-02',559),(1067,7,8,'1999-09-21',351),(1068,7,6,'1999-12-17',1471),(1069,7,13,'1999-07-19',2333),(1070,7,13,'1999-04-04',2114),(1071,7,13,'1999-10-15',1421),(1072,7,13,'1999-09-13',1043),(1073,7,13,'1999-12-20',706),(1074,7,13,'1999-05-29',658),(1075,7,2,'1999-04-12',1595),(1076,7,2,'1999-02-19',1464),(1077,7,2,'1999-05-22',1336),(1078,7,2,'1999-08-21',649),(1079,7,2,'1999-12-05',445),(1080,7,10,'1999-05-10',2066),(1081,7,10,'1999-10-28',1927),(1082,7,10,'1999-11-05',1765),(1083,7,10,'1999-07-13',1429),(1084,7,10,'1999-05-08',336),(1085,7,14,'1999-09-04',1346),(1086,7,14,'1999-03-22',1148),(1087,7,14,'1999-05-15',782),(1088,7,14,'1999-07-09',735),(1089,7,14,'1999-09-11',483),(1090,7,4,'1999-05-21',2290),(1091,7,4,'1999-09-27',1722),(1092,7,4,'1999-10-24',1526),(1093,7,4,'1999-04-28',1509),(1094,7,4,'1999-02-01',1414),(1095,7,5,'1999-09-18',2453),(1096,7,5,'1999-03-16',2155),(1097,7,5,'1999-11-16',1841),(1098,7,5,'1999-03-31',1064),(1099,7,5,'1999-07-23',803),(1100,3,11,'1999-12-16',2247),(1101,3,11,'1999-04-04',1937),(1102,3,11,'1999-11-04',1317),(1103,3,11,'1999-01-31',1023),(1104,3,11,'1999-11-13',672),(1105,3,11,'1999-12-12',257),(1106,3,12,'1999-07-16',1901),(1107,3,12,'1999-03-30',1515),(1108,3,12,'1999-05-08',1287),(1109,3,12,'1999-01-03',1253),(1110,3,12,'1999-06-16',1173),(1111,3,12,'1999-11-13',1025),(1112,3,12,'1999-08-20',1024),(1113,3,12,'1999-01-15',970),(1114,3,9,'1999-03-26',2428),(1115,3,9,'1999-04-15',1770),(1116,3,9,'1999-10-12',1453),(1117,3,9,'1999-01-20',1162),(1118,3,7,'1999-04-27',2412),(1119,3,7,'1999-10-30',1552),(1120,3,3,'1999-06-13',2351),(1121,3,3,'1999-06-04',1602),(1122,3,3,'1999-01-06',1187),(1123,3,3,'1999-06-22',995),(1124,3,3,'1999-07-14',892),(1125,3,3,'1999-03-21',586),(1126,3,1,'1999-04-26',2403),(1127,3,1,'1999-05-17',2074),(1128,3,8,'1999-04-17',2358),(1129,3,8,'1999-03-21',2260),(1130,3,8,'1999-10-31',673),(1131,3,8,'1999-08-29',522),(1132,3,6,'1999-11-04',2268),(1133,3,6,'1999-11-24',2074),(1134,3,6,'1999-04-12',1455),(1135,3,6,'1999-07-14',738),(1136,3,13,'1999-01-10',648),(1137,3,2,'1999-11-12',2209),(1138,3,2,'1999-12-13',1938),(1139,3,2,'1999-03-26',487),(1140,3,10,'1999-08-04',1359),(1141,3,10,'1999-06-04',1004),(1142,3,10,'1999-06-20',619),(1143,3,10,'1999-08-23',610),(1144,3,14,'1999-07-03',2282),(1145,3,14,'1999-06-07',1268),(1146,3,14,'1999-04-07',410),(1147,3,4,'1999-04-19',2420),(1148,3,4,'1999-02-15',2146),(1149,3,4,'1999-04-02',1802),(1150,3,4,'1999-01-08',1691),(1151,3,4,'1999-03-09',1684),(1152,3,4,'1999-06-29',1580),(1153,3,5,'1999-07-08',2323),(1154,3,5,'1999-12-13',2205),(1155,3,5,'1999-08-19',1519),(1156,3,5,'1999-08-17',622),(1157,3,5,'1999-10-04',505),(1158,3,5,'1999-07-10',483),(1159,3,5,'1999-03-29',288),(1160,9,11,'1999-05-15',2371),(1161,9,11,'1999-11-04',1231),(1162,9,12,'1999-02-13',2371),(1163,9,12,'1999-01-06',2257),(1164,9,12,'1999-10-06',2140),(1165,9,12,'1999-05-22',2071),(1166,9,12,'1999-04-25',667),(1167,9,9,'1999-05-16',2357),(1168,9,9,'1999-03-15',2217),(1169,9,9,'1999-06-16',2066),(1170,9,9,'1999-04-01',705),(1171,9,9,'1999-08-05',253),(1172,9,7,'1999-12-15',2437),(1173,9,7,'1999-05-11',1949),(1174,9,7,'1999-01-22',1940),(1175,9,7,'1999-02-20',1746),(1176,9,7,'1999-08-29',585),(1177,9,3,'1999-04-10',2452),(1178,9,3,'1999-07-30',2412),(1179,9,3,'1999-01-11',2205),(1180,9,3,'1999-02-02',2024),(1181,9,3,'1999-09-21',1999),(1182,9,3,'1999-08-02',1927),(1183,9,3,'1999-07-05',1050),(1184,9,3,'1999-04-04',851),(1185,9,3,'1999-06-21',492),(1186,9,1,'1999-09-27',2035),(1187,9,1,'1999-12-16',1809),(1188,9,1,'1999-01-15',1457),(1189,9,1,'1999-09-13',1411),(1190,9,1,'1999-05-19',1352),(1191,9,1,'1999-04-14',258),(1192,9,8,'1999-09-14',1077),(1193,9,8,'1999-11-23',1036),(1194,9,8,'1999-11-27',713),(1195,9,8,'1999-07-19',640),(1196,9,8,'1999-06-02',371),(1197,9,6,'1999-01-24',1728),(1198,9,6,'1999-07-23',1675),(1199,9,6,'1999-03-25',1604),(1200,9,6,'1999-05-18',1515),(1201,9,6,'1999-11-20',866),(1202,9,13,'1999-01-19',2459),(1203,9,13,'1999-10-05',2378),(1204,9,13,'1999-08-26',2179),(1205,9,13,'1999-07-18',921),(1206,9,13,'1999-09-10',897),(1207,9,13,'1999-09-21',860),(1208,9,13,'1999-05-07',591),(1209,9,2,'1999-05-24',2069),(1210,9,2,'1999-09-04',1652),(1211,9,2,'1999-07-09',1377),(1212,9,2,'1999-09-13',1047),(1213,9,2,'1999-10-17',832),(1214,9,10,'1999-08-19',2279),(1215,9,10,'1999-03-25',933),(1216,9,14,'1999-05-28',1459),(1217,9,14,'1999-04-05',686),(1218,9,14,'1999-07-05',310),(1219,9,4,'1999-01-06',2398),(1220,9,4,'1999-10-01',1560),(1221,9,4,'1999-03-02',961),(1222,9,4,'1999-01-29',580),(1223,9,5,'1999-11-01',1957),(1224,9,5,'1999-09-11',1534),(1225,9,5,'1999-10-04',1473),(1226,9,5,'1999-08-17',877),(1227,9,5,'1999-03-31',832),(1228,4,11,'1999-11-10',1933),(1229,4,11,'1999-03-14',1605),(1230,4,11,'1999-01-02',1142),(1231,4,11,'1999-01-02',772),(1232,4,12,'1999-03-07',1183),(1233,4,12,'1999-10-09',1178),(1234,4,9,'1999-06-10',2007),(1235,4,9,'1999-10-03',1239),(1236,4,9,'1999-02-26',861),(1237,4,7,'1999-04-24',2132),(1238,4,7,'1999-06-27',1778),(1239,4,7,'1999-05-14',1223),(1240,4,7,'1999-06-06',505),(1241,4,3,'1999-09-19',1959),(1242,4,3,'1999-01-13',1723),(1243,4,3,'1999-08-15',1069),(1244,4,3,'1999-07-21',963),(1245,4,1,'1999-11-25',2255),(1246,4,1,'1999-07-13',1964),(1247,4,1,'1999-08-03',892),(1248,4,1,'1999-04-22',500),(1249,4,8,'1999-11-24',2313),(1250,4,8,'1999-07-21',2064),(1251,4,8,'1999-07-30',1622),(1252,4,8,'1999-03-29',979),(1253,4,6,'1999-04-19',2462),(1254,4,6,'1999-05-27',2195),(1255,4,6,'1999-12-08',1292),(1256,4,6,'1999-03-26',1007),(1257,4,6,'1999-12-26',673),(1258,4,6,'1999-07-11',610),(1259,4,6,'1999-01-28',553),(1260,4,6,'1999-05-31',340),(1261,4,6,'1999-07-19',262),(1262,4,13,'1999-03-19',2019),(1263,4,13,'1999-08-05',1972),(1264,4,13,'1999-07-25',1454),(1265,4,13,'1999-12-07',1438),(1266,4,13,'1999-07-09',743),(1267,4,2,'1999-04-11',1892),(1268,4,2,'1999-10-19',790),(1269,4,2,'1999-04-13',527),(1270,4,2,'1999-12-11',479),(1271,4,10,'1999-05-31',2240),(1272,4,10,'1999-10-19',2159),(1273,4,10,'1999-08-03',1914),(1274,4,10,'1999-06-28',1005),(1275,4,10,'1999-03-06',839),(1276,4,10,'1999-03-17',711),(1277,4,14,'1999-09-08',1924),(1278,4,14,'1999-01-02',1668),(1279,4,4,'1999-06-27',1515),(1280,4,4,'1999-03-29',997),(1281,4,4,'1999-06-03',805),(1282,4,4,'1999-05-23',775),(1283,4,4,'1999-02-14',355),(1284,4,5,'1999-05-17',2269),(1285,4,5,'1999-11-30',1377),(1286,4,5,'1999-01-24',313),(1287,2,11,'1999-07-08',2498),(1288,2,11,'1999-04-07',2144),(1289,2,11,'1999-12-13',1525),(1290,2,11,'1999-04-18',1339),(1291,2,11,'1999-09-28',887),(1292,2,11,'1999-08-06',491),(1293,2,12,'1999-05-08',1649),(1294,2,12,'1999-06-28',1381),(1295,2,12,'1999-10-09',1339),(1296,2,12,'1999-08-29',1054),(1297,2,12,'1999-09-29',1009),(1298,2,9,'1999-09-17',2270),(1299,2,9,'1999-02-27',1980),(1300,2,7,'1999-12-02',2494),(1301,2,7,'1999-04-06',1621),(1302,2,7,'1999-04-15',621),(1303,2,7,'1999-11-08',253),(1304,2,3,'1999-01-05',2330),(1305,2,3,'1999-09-29',2241),(1306,2,3,'1999-12-03',957),(1307,2,3,'1999-03-07',880),(1308,2,3,'1999-10-25',789),(1309,2,3,'1999-09-11',714),(1310,2,3,'1999-04-10',674),(1311,2,1,'1999-10-25',1580),(1312,2,8,'1999-10-24',1743),(1313,2,8,'1999-04-19',1606),(1314,2,8,'1999-09-28',1523),(1315,2,8,'1999-07-18',885),(1316,2,8,'1999-08-16',671),(1317,2,8,'1999-04-26',471),(1318,2,6,'1999-02-19',2118),(1319,2,6,'1999-11-21',1484),(1320,2,6,'1999-06-16',1164),(1321,2,6,'1999-08-21',770),(1322,2,13,'1999-02-26',1326),(1323,2,13,'1999-08-20',958),(1324,2,13,'1999-02-28',393),(1325,2,2,'1999-08-02',2391),(1326,2,2,'1999-02-25',2259),(1327,2,2,'1999-11-18',1606),(1328,2,2,'1999-06-30',1444),(1329,2,2,'1999-05-13',1166),(1330,2,2,'1999-06-30',988),(1331,2,2,'1999-03-07',908),(1332,2,10,'1999-11-18',2159),(1333,2,14,'1999-06-28',2496),(1334,2,14,'1999-02-06',2295),(1335,2,14,'1999-05-28',2129),(1336,2,14,'1999-07-10',2106),(1337,2,14,'1999-10-22',1459),(1338,2,4,'1999-06-17',2177),(1339,2,4,'1999-08-18',2133),(1340,2,4,'1999-07-12',1432),(1341,2,4,'1999-07-04',1376),(1342,2,4,'1999-02-06',870),(1343,2,4,'1999-11-13',666),(1344,2,4,'1999-04-22',266),(1345,2,5,'1999-05-28',2396),(1346,2,5,'1999-03-27',2162),(1347,2,5,'1999-11-03',2057),(1348,2,5,'1999-06-29',1992),(1349,2,5,'1999-01-30',1896),(1350,2,5,'1999-09-07',1499),(1351,2,5,'1999-08-17',1252),(1352,2,5,'1999-07-16',492),(1353,2,5,'1999-08-04',311),(1354,8,11,'1999-03-31',2332),(1355,8,11,'1999-07-08',2009),(1356,8,11,'1999-05-23',1768),(1357,8,11,'1999-04-20',1415),(1358,8,11,'1999-11-26',1016),(1359,8,11,'1999-05-29',940),(1360,8,11,'1999-06-19',883),(1361,8,11,'1999-03-21',373),(1362,8,12,'1999-09-01',1895),(1363,8,12,'1999-11-23',1732),(1364,8,12,'1999-10-04',1189),(1365,8,12,'1999-10-06',956),(1366,8,12,'1999-10-27',341),(1367,8,9,'1999-01-07',2068),(1368,8,9,'1999-10-12',1972),(1369,8,9,'1999-02-26',1495),(1370,8,9,'1999-06-29',1026),(1371,8,7,'1999-02-28',2361),(1372,8,7,'1999-07-17',1515),(1373,8,7,'1999-10-30',1090),(1374,8,7,'1999-11-26',1085),(1375,8,7,'1999-01-10',267),(1376,8,3,'1999-02-15',1773),(1377,8,3,'1999-05-07',1763),(1378,8,3,'1999-12-17',1307),(1379,8,3,'1999-05-05',1011),(1380,8,3,'1999-04-18',396),(1381,8,3,'1999-11-20',271),(1382,8,1,'1999-10-24',1487),(1383,8,1,'1999-07-24',1434),(1384,8,8,'1999-11-22',2155),(1385,8,8,'1999-04-27',2068),(1386,8,8,'1999-02-03',1070),(1387,8,8,'1999-06-01',778),(1388,8,8,'1999-05-10',551),(1389,8,6,'1999-09-09',2407),(1390,8,6,'1999-06-04',2397),(1391,8,6,'1999-06-24',1181),(1392,8,6,'1999-12-17',1049),(1393,8,13,'1999-02-20',1070),(1394,8,13,'1999-06-21',894),(1395,8,2,'1999-06-24',1606),(1396,8,2,'1999-04-22',1150),(1397,8,2,'1999-01-30',915),(1398,8,10,'1999-11-23',2371),(1399,8,10,'1999-07-27',2085),(1400,8,10,'1999-09-23',1071),(1401,8,10,'1999-06-24',684),(1402,8,10,'1999-06-22',683),(1403,8,10,'1999-08-03',615),(1404,8,10,'1999-07-29',498),(1405,8,14,'1999-09-22',2042),(1406,8,14,'1999-12-26',1654),(1407,8,14,'1999-06-07',1565),(1408,8,14,'1999-08-26',1468),(1409,8,14,'1999-08-13',859),(1410,8,4,'1999-02-06',2242),(1411,8,4,'1999-06-24',1456),(1412,8,4,'1999-02-06',715),(1413,8,4,'1999-05-15',553),(1414,8,4,'1999-04-17',268),(1415,8,5,'1999-11-10',2246),(1416,8,5,'1999-07-21',2214),(1417,8,5,'1999-06-06',2122),(1418,8,5,'1999-10-06',1961),(1419,8,5,'1999-08-12',1418),(1420,10,11,'1999-01-20',2429),(1421,10,11,'1999-07-22',2229),(1422,10,11,'1999-09-10',2174),(1423,10,11,'1999-10-29',2003),(1424,10,11,'1999-03-12',1124),(1425,10,12,'1999-07-08',1373),(1426,10,12,'1999-03-23',276),(1427,10,9,'1999-08-11',2268),(1428,10,7,'1999-04-08',1834),(1429,10,7,'1999-04-20',755),(1430,10,3,'1999-01-21',2484),(1431,10,3,'1999-01-14',2479),(1432,10,3,'1999-02-24',1972),(1433,10,3,'1999-09-22',1620),(1434,10,3,'1999-07-21',824),(1435,10,3,'1999-11-06',323),(1436,10,1,'1999-02-01',2119),(1437,10,1,'1999-06-03',1826),(1438,10,1,'1999-08-29',1605),(1439,10,1,'1999-06-29',1244),(1440,10,1,'1999-02-01',951),(1441,10,1,'1999-07-30',892),(1442,10,8,'1999-07-23',1992),(1443,10,8,'1999-07-19',1800),(1444,10,8,'1999-04-22',978),(1445,10,8,'1999-08-29',842),(1446,10,8,'1999-12-26',446),(1447,10,6,'1999-01-17',1971),(1448,10,6,'1999-11-05',1913),(1449,10,6,'1999-10-24',1167),(1450,10,6,'1999-01-31',569),(1451,10,6,'1999-07-30',317),(1452,10,13,'1999-10-18',2328),(1453,10,13,'1999-06-19',1236),(1454,10,13,'1999-01-24',1077),(1455,10,13,'1999-01-09',700),(1456,10,13,'1999-02-14',647),(1457,10,13,'1999-04-23',635),(1458,10,13,'1999-05-21',485),(1459,10,2,'1999-01-11',2379),(1460,10,2,'1999-08-10',2145),(1461,10,2,'1999-05-06',2004),(1462,10,2,'1999-05-28',1615),(1463,10,2,'1999-06-23',855),(1464,10,2,'1999-11-22',454),(1465,10,10,'1999-06-09',2329),(1466,10,10,'1999-02-14',2227),(1467,10,10,'1999-05-23',843),(1468,10,10,'1999-01-13',309),(1469,10,14,'1999-12-12',2111),(1470,10,14,'1999-07-20',1662),(1471,10,14,'1999-10-09',812),(1472,10,14,'1999-11-14',700),(1473,10,14,'1999-12-29',548),(1474,10,4,'1999-10-01',1829),(1475,10,4,'1999-07-04',1692),(1476,10,5,'1999-05-19',2167),(1477,10,5,'1999-09-04',1926),(1478,10,5,'1999-07-02',1923),(1479,10,5,'1999-08-06',1240),(1480,5,11,'1999-10-06',2360),(1481,5,11,'1999-08-05',2131),(1482,5,11,'1999-03-02',1372),(1483,5,12,'1999-12-21',2269),(1484,5,12,'1999-04-15',2041),(1485,5,12,'1999-11-20',1682),(1486,5,12,'1999-06-16',843),(1487,5,9,'1999-08-30',2067),(1488,5,9,'1999-12-14',2026),(1489,5,9,'1999-01-18',1354),(1490,5,9,'1999-03-09',1280),(1491,5,7,'1999-11-11',1808),(1492,5,7,'1999-04-08',1803),(1493,5,7,'1999-04-26',1769),(1494,5,7,'1999-08-29',999),(1495,5,7,'1999-10-08',927),(1496,5,7,'1999-07-29',825),(1497,5,7,'1999-08-05',632),(1498,5,3,'1999-08-07',2423),(1499,5,3,'1999-04-20',1972),(1500,5,3,'1999-08-22',1151),(1501,5,3,'1999-09-26',894),(1502,5,3,'1999-12-26',525),(1503,5,3,'1999-04-26',508),(1504,5,1,'1999-03-01',2284),(1505,5,1,'1999-05-26',2116),(1506,5,1,'1999-10-07',1732),(1507,5,1,'1999-09-12',1621),(1508,5,1,'1999-03-03',851),(1509,5,8,'1999-11-11',2313),(1510,5,8,'1999-08-08',1187),(1511,5,8,'1999-11-27',960),(1512,5,6,'1999-10-17',2464),(1513,5,6,'1999-07-24',1766),(1514,5,6,'1999-01-16',1234),(1515,5,6,'1999-11-25',904),(1516,5,6,'1999-03-09',711),(1517,5,6,'1999-01-27',697),(1518,5,6,'1999-10-20',654),(1519,5,13,'1999-02-27',1880),(1520,5,13,'1999-03-14',1849),(1521,5,13,'1999-06-16',1340),(1522,5,13,'1999-07-11',715),(1523,5,13,'1999-10-10',659),(1524,5,13,'1999-12-07',262),(1525,5,2,'1999-09-11',1483),(1526,5,2,'1999-07-06',1194),(1527,5,10,'1999-08-23',2247),(1528,5,10,'1999-09-08',2227),(1529,5,10,'1999-04-14',2226),(1530,5,10,'1999-11-05',2180),(1531,5,10,'1999-07-14',1683),(1532,5,10,'1999-09-07',1486),(1533,5,10,'1999-11-10',1471),(1534,5,10,'1999-10-18',957),(1535,5,10,'1999-05-30',836),(1536,5,10,'1999-09-06',793),(1537,5,10,'1999-04-23',345),(1538,5,14,'1999-03-31',2460),(1539,5,14,'1999-10-13',2053),(1540,5,14,'1999-07-16',1883),(1541,5,14,'1999-01-10',1205),(1542,5,14,'1999-03-09',872),(1543,5,14,'1999-05-17',821),(1544,5,4,'1999-01-16',1929),(1545,5,4,'1999-02-20',1516),(1546,5,4,'1999-06-28',1361),(1547,5,4,'1999-01-26',1318),(1548,5,4,'1999-11-10',1124),(1549,5,4,'1999-08-15',684),(1550,5,4,'1999-07-30',606),(1551,5,4,'1999-07-16',459),(1552,5,5,'1999-06-16',1962),(1553,5,5,'1999-11-07',1211),(1554,5,5,'1999-08-13',592),(1555,12,11,'1999-03-03',1222),(1556,12,12,'1999-06-13',2143),(1557,12,12,'1999-02-27',1155),(1558,12,12,'1999-07-18',586),(1559,12,12,'1999-04-13',508),(1560,12,9,'1999-06-15',2092),(1561,12,9,'1999-03-10',1150),(1562,12,9,'1999-01-09',809),(1563,12,9,'1999-05-20',660),(1564,12,9,'1999-07-18',495),(1565,12,9,'1999-06-12',485),(1566,12,9,'1999-06-11',363),(1567,12,7,'1999-12-15',2392),(1568,12,7,'1999-09-28',1652),(1569,12,7,'1999-06-12',1332),(1570,12,7,'1999-08-09',1000),(1571,12,3,'1999-04-05',2092),(1572,12,3,'1999-11-08',438),(1573,12,3,'1999-06-10',279),(1574,12,1,'1999-10-28',2249),(1575,12,1,'1999-11-12',1575),(1576,12,1,'1999-10-12',831),(1577,12,1,'1999-12-02',537),(1578,12,8,'1999-09-13',2244),(1579,12,8,'1999-03-13',1980),(1580,12,8,'1999-04-06',1712),(1581,12,8,'1999-12-14',1206),(1582,12,6,'1999-06-28',2403),(1583,12,6,'1999-07-04',2255),(1584,12,6,'1999-05-19',2201),(1585,12,6,'1999-05-08',2124),(1586,12,6,'1999-12-24',2114),(1587,12,6,'1999-12-25',1702),(1588,12,6,'1999-04-06',1451),(1589,12,6,'1999-01-08',1417),(1590,12,6,'1999-02-20',283),(1591,12,13,'1999-03-12',2070),(1592,12,13,'1999-06-11',1482),(1593,12,13,'1999-10-22',1188),(1594,12,13,'1999-10-26',918),(1595,12,2,'1999-08-21',2421),(1596,12,2,'1999-01-02',2340),(1597,12,2,'1999-11-13',2172),(1598,12,2,'1999-01-05',2085),(1599,12,2,'1999-06-15',1895),(1600,12,2,'1999-04-17',1891),(1601,12,2,'1999-05-19',784),(1602,12,2,'1999-12-14',759),(1603,12,2,'1999-07-12',519),(1604,12,10,'1999-03-15',1581),(1605,12,10,'1999-08-11',1411),(1606,12,10,'1999-12-06',259),(1607,12,14,'1999-08-21',2399),(1608,12,14,'1999-06-06',2010),(1609,12,14,'1999-07-02',1607),(1610,12,14,'1999-06-19',1338),(1611,12,14,'1999-04-18',1317),(1612,12,4,'1999-11-17',2181),(1613,12,4,'1999-09-11',2084),(1614,12,4,'1999-02-26',1874),(1615,12,4,'1999-04-26',1326),(1616,12,4,'1999-04-14',1277),(1617,12,4,'1999-04-03',572),(1618,12,4,'1999-12-30',479),(1619,12,5,'1999-03-07',2241),(1620,12,5,'1999-03-09',2118),(1621,12,5,'1999-07-03',1600),(1622,12,5,'1999-02-04',384),(1623,13,11,'1999-03-21',1653),(1624,13,11,'1999-09-09',1519),(1625,13,11,'1999-12-12',581),(1626,13,11,'1999-07-30',366),(1627,13,12,'1999-05-25',2451),(1628,13,12,'1999-05-23',1192),(1629,13,9,'1999-07-05',2160),(1630,13,9,'1999-05-24',2154),(1631,13,9,'1999-09-06',1802),(1632,13,9,'1999-12-11',930),(1633,13,9,'1999-06-09',652),(1634,13,9,'1999-01-03',467),(1635,13,7,'1999-09-17',2395),(1636,13,7,'1999-01-20',1776),(1637,13,7,'1999-04-03',1655),(1638,13,7,'1999-01-18',1119),(1639,13,7,'1999-01-27',830),(1640,13,7,'1999-02-16',279),(1641,13,7,'1999-08-29',262),(1642,13,3,'1999-01-18',2061),(1643,13,3,'1999-08-10',1621),(1644,13,3,'1999-04-26',1362),(1645,13,3,'1999-01-15',1342),(1646,13,3,'1999-03-19',1053),(1647,13,3,'1999-09-15',338),(1648,13,1,'1999-02-14',1970),(1649,13,1,'1999-10-21',735),(1650,13,1,'1999-02-02',337),(1651,13,8,'1999-01-05',2322),(1652,13,8,'1999-07-25',1944),(1653,13,8,'1999-10-25',448),(1654,13,6,'1999-07-08',2498),(1655,13,6,'1999-05-25',2207),(1656,13,6,'1999-02-08',1958),(1657,13,6,'1999-03-10',1276),(1658,13,6,'1999-07-27',1274),(1659,13,6,'1999-06-29',654),(1660,13,6,'1999-07-23',285),(1661,13,13,'1999-02-12',757),(1662,13,13,'1999-04-03',497),(1663,13,2,'1999-06-27',672),(1664,13,10,'1999-07-10',2440),(1665,13,10,'1999-03-19',2181),(1666,13,10,'1999-10-13',718),(1667,13,14,'1999-12-14',1954),(1668,13,14,'1999-05-15',1682),(1669,13,14,'1999-02-01',1593),(1670,13,14,'1999-03-04',1557),(1671,13,14,'1999-06-08',1533),(1672,13,14,'1999-11-27',899),(1673,13,14,'1999-12-16',820),(1674,13,14,'1999-04-10',803),(1675,13,14,'1999-10-29',467),(1676,13,14,'1999-04-09',432),(1677,13,4,'1999-06-19',732),(1678,13,4,'1999-06-04',569),(1679,13,5,'1999-06-25',1214),(1680,11,11,'2000-11-17',2155),(1681,11,11,'2000-05-23',1955),(1682,11,11,'2000-06-18',1954),(1683,11,11,'2000-08-14',764),(1684,11,11,'2000-03-09',695),(1685,11,11,'2000-03-12',529),(1686,11,11,'2000-07-20',324),(1687,11,12,'2000-12-14',2419),(1688,11,12,'2000-03-10',2049),(1689,11,12,'2000-04-24',1920),(1690,11,12,'2000-07-12',1490),(1691,11,12,'2000-10-14',1291),(1692,11,12,'2000-05-30',1180),(1693,11,12,'2000-05-25',689),(1694,11,12,'2000-04-09',434),(1695,11,9,'2000-01-09',2423),(1696,11,9,'2000-11-01',2176),(1697,11,9,'2000-04-26',2059),(1698,11,9,'2000-06-08',1792),(1699,11,9,'2000-08-10',1349),(1700,11,7,'2000-02-03',955),(1701,11,7,'2000-08-24',457),(1702,11,3,'2000-08-18',1112),(1703,11,3,'2000-09-26',878),(1704,11,1,'2000-08-18',1063),(1705,11,8,'2000-05-23',2465),(1706,11,8,'2000-05-07',1982),(1707,11,8,'2000-04-29',1590),(1708,11,8,'2000-09-15',1573),(1709,11,8,'2000-11-15',1439),(1710,11,8,'2000-04-16',1065),(1711,11,8,'2000-12-16',825),(1712,11,6,'2000-04-14',2423),(1713,11,6,'2000-04-06',1851),(1714,11,6,'2000-12-03',1135),(1715,11,6,'2000-01-03',1103),(1716,11,13,'2000-10-03',450),(1717,11,2,'2000-01-29',2371),(1718,11,2,'2000-06-05',1968),(1719,11,2,'2000-09-15',1943),(1720,11,2,'2000-11-12',1643),(1721,11,2,'2000-04-12',1628),(1722,11,2,'2000-02-27',1518),(1723,11,2,'2000-02-14',1019),(1724,11,2,'2000-03-22',720),(1725,11,10,'2000-06-27',1401),(1726,11,10,'2000-11-05',521),(1727,11,10,'2000-03-06',333),(1728,11,14,'2000-12-10',1674),(1729,11,14,'2000-03-31',1647),(1730,11,4,'2000-03-06',1484),(1731,11,4,'2000-06-26',1274),(1732,11,5,'2000-07-08',2280),(1733,11,5,'2000-02-20',2184),(1734,11,5,'2000-01-03',2166),(1735,11,5,'2000-05-25',1762),(1736,11,5,'2000-10-20',1103),(1737,11,5,'2000-06-29',359),(1738,6,11,'2000-07-29',1060),(1739,6,11,'2000-04-30',1078),(1740,6,11,'2000-01-09',818),(1741,6,11,'2000-04-18',1479),(1742,6,11,'2000-07-18',2346),(1743,6,11,'2000-10-15',2403),(1744,6,11,'2000-10-31',2404),(1745,6,12,'2000-05-31',1687),(1746,6,12,'2000-12-02',1992),(1747,6,9,'2000-07-04',1601),(1748,6,9,'2000-04-26',2018),(1749,6,7,'2000-06-26',1445),(1750,6,7,'2000-08-30',1732),(1751,6,7,'2000-09-30',2099),(1752,6,7,'2000-10-08',842),(1753,6,3,'2000-09-28',1496),(1754,6,3,'2000-03-19',1811),(1755,6,3,'2000-07-03',1968),(1756,6,3,'2000-06-25',2153),(1757,6,3,'2000-10-08',851),(1758,6,1,'2000-05-07',1848),(1759,6,1,'2000-04-11',2195),(1760,6,1,'2000-01-02',2239),(1761,6,1,'2000-02-15',2479),(1762,6,8,'2000-08-23',1537),(1763,6,8,'2000-01-27',1643),(1764,6,8,'2000-07-16',1647),(1765,6,6,'2000-12-15',1356),(1766,6,6,'2000-06-13',1394),(1767,6,6,'2000-07-07',424),(1768,6,6,'2000-01-19',1664),(1769,6,6,'2000-02-27',1974),(1770,6,13,'2000-07-02',1151),(1771,6,13,'2000-01-31',1195),(1772,6,13,'2000-04-15',1763),(1773,6,13,'2000-02-22',692),(1774,6,13,'2000-11-08',1998),(1775,6,13,'2000-10-25',2450),(1776,6,2,'2000-01-23',1393),(1777,6,2,'2000-06-26',1899),(1778,6,2,'2000-01-14',2138),(1779,6,2,'2000-10-24',2478),(1780,6,2,'2000-05-27',2495),(1781,6,10,'2000-12-11',1608),(1782,6,10,'2000-05-08',667),(1783,6,10,'2000-11-04',549),(1784,6,14,'2000-07-08',1988),(1785,6,14,'2000-08-19',2217),(1786,6,14,'2000-11-06',2331),(1787,6,14,'2000-05-03',861),(1788,6,4,'2000-04-15',977),(1789,6,4,'2000-11-18',276),(1790,6,5,'2000-11-02',1150),(1791,6,5,'2000-06-11',1643),(1792,6,5,'2000-02-15',330),(1793,1,11,'2000-08-11',2299),(1794,1,11,'2000-05-03',2015),(1795,1,11,'2000-01-12',1689),(1796,1,11,'2000-03-20',1532),(1797,1,11,'2000-08-01',1303),(1798,1,11,'2000-05-18',634),(1799,1,11,'2000-09-04',457),(1800,1,11,'2000-08-24',452),(1801,1,11,'2000-09-17',310),(1802,1,12,'2000-12-29',421),(1803,1,12,'2000-11-05',341),(1804,1,9,'2000-02-15',1383),(1805,1,9,'2000-12-26',1290),(1806,1,9,'2000-06-08',1041),(1807,1,7,'2000-12-17',1901),(1808,1,7,'2000-02-22',499),(1809,1,3,'2000-09-13',2229),(1810,1,3,'2000-02-19',1734),(1811,1,3,'2000-08-29',1271),(1812,1,3,'2000-04-19',1043),(1813,1,3,'2000-03-14',633),(1814,1,1,'2000-09-18',2030),(1815,1,1,'2000-05-09',1204),(1816,1,1,'2000-08-27',918),(1817,1,1,'2000-12-14',359),(1818,1,8,'2000-01-07',2407),(1819,1,8,'2000-09-01',1589),(1820,1,8,'2000-10-09',1505),(1821,1,8,'2000-11-27',1297),(1822,1,8,'2000-06-11',848),(1823,1,8,'2000-11-02',497),(1824,1,8,'2000-04-22',318),(1825,1,8,'2000-07-10',313),(1826,1,6,'2000-05-31',2287),(1827,1,6,'2000-01-25',2239),(1828,1,6,'2000-02-19',1248),(1829,1,6,'2000-12-18',1170),(1830,1,13,'2000-11-12',2369),(1831,1,13,'2000-01-02',2191),(1832,1,13,'2000-12-20',1721),(1833,1,13,'2000-01-28',1657),(1834,1,13,'2000-02-15',574),(1835,1,2,'2000-10-31',2359),(1836,1,2,'2000-01-23',1246),(1837,1,2,'2000-12-04',1155),(1838,1,2,'2000-07-13',1019),(1839,1,2,'2000-03-12',955),(1840,1,2,'2000-06-22',769),(1841,1,10,'2000-10-04',1802),(1842,1,10,'2000-06-05',1636),(1843,1,14,'2000-11-17',1452),(1844,1,14,'2000-05-01',329),(1845,1,14,'2000-09-14',279),(1846,1,4,'2000-09-07',2043),(1847,1,4,'2000-04-18',1819),(1848,1,4,'2000-09-26',1776),(1849,1,4,'2000-07-08',1669),(1850,1,4,'2000-08-06',1554),(1851,1,4,'2000-09-26',1472),(1852,1,4,'2000-06-10',1384),(1853,1,4,'2000-07-09',812),(1854,1,4,'2000-10-17',561),(1855,1,4,'2000-09-15',499),(1856,1,5,'2000-04-03',1913),(1857,1,5,'2000-07-08',1174),(1858,1,5,'2000-12-14',691),(1859,1,5,'2000-10-19',496),(1860,1,5,'2000-07-31',344),(1861,7,11,'2000-06-19',2184),(1862,7,11,'2000-12-26',2129),(1863,7,11,'2000-09-04',2092),(1864,7,11,'2000-02-03',1915),(1865,7,12,'2000-01-21',2248),(1866,7,12,'2000-12-30',1828),(1867,7,12,'2000-04-09',1656),(1868,7,12,'2000-09-04',1548),(1869,7,12,'2000-07-06',779),(1870,7,12,'2000-04-18',676),(1871,7,12,'2000-04-20',279),(1872,7,9,'2000-08-14',2464),(1873,7,9,'2000-06-29',1051),(1874,7,7,'2000-12-07',2174),(1875,7,7,'2000-07-02',1945),(1876,7,7,'2000-04-03',397),(1877,7,3,'2000-03-06',1131),(1878,7,3,'2000-08-08',1086),(1879,7,3,'2000-03-05',1058),(1880,7,3,'2000-03-27',871),(1881,7,3,'2000-12-16',782),(1882,7,3,'2000-02-27',649),(1883,7,1,'2000-06-26',2176),(1884,7,1,'2000-11-13',1989),(1885,7,1,'2000-09-07',1416),(1886,7,1,'2000-07-06',1147),(1887,7,1,'2000-01-09',1115),(1888,7,1,'2000-02-26',986),(1889,7,8,'2000-03-01',1683),(1890,7,8,'2000-04-05',663),(1891,7,8,'2000-11-13',639),(1892,7,6,'2000-03-20',2408),(1893,7,6,'2000-09-25',2083),(1894,7,6,'2000-11-14',1476),(1895,7,6,'2000-10-15',1014),(1896,7,13,'2000-05-28',2094),(1897,7,13,'2000-11-24',2074),(1898,7,13,'2000-08-22',892),(1899,7,2,'2000-01-21',2385),(1900,7,2,'2000-04-28',2137),(1901,7,10,'2000-04-30',2231),(1902,7,10,'2000-11-07',2103),(1903,7,10,'2000-05-02',1725),(1904,7,10,'2000-03-25',1635),(1905,7,10,'2000-05-12',922),(1906,7,10,'2000-02-27',534),(1907,7,14,'2000-11-23',2290),(1908,7,14,'2000-05-02',1145),(1909,7,14,'2000-12-13',1100),(1910,7,14,'2000-12-11',1096),(1911,7,14,'2000-06-18',1063),(1912,7,14,'2000-02-19',275),(1913,7,4,'2000-07-30',2219),(1914,7,4,'2000-08-02',2155),(1915,7,4,'2000-09-15',1592),(1916,7,4,'2000-05-20',1362),(1917,7,4,'2000-10-08',1357),(1918,7,4,'2000-08-27',1189),(1919,7,4,'2000-08-26',899),(1920,7,4,'2000-09-09',779),(1921,7,5,'2000-06-30',1087),(1922,7,5,'2000-10-31',481),(1923,7,5,'2000-10-26',427),(1924,3,11,'2000-04-27',2225),(1925,3,11,'2000-07-01',1657),(1926,3,11,'2000-12-12',1498),(1927,3,12,'2000-02-24',2381),(1928,3,12,'2000-02-03',2233),(1929,3,12,'2000-07-18',1371),(1930,3,12,'2000-10-31',766),(1931,3,12,'2000-04-05',446),(1932,3,9,'2000-04-08',1550),(1933,3,7,'2000-02-12',2421),(1934,3,7,'2000-07-03',2243),(1935,3,7,'2000-10-22',1461),(1936,3,7,'2000-04-20',1079),(1937,3,7,'2000-03-21',401),(1938,3,7,'2000-05-20',323),(1939,3,3,'2000-04-08',1958),(1940,3,3,'2000-09-07',1742),(1941,3,3,'2000-05-08',1240),(1942,3,3,'2000-03-16',738),(1943,3,3,'2000-12-16',710),(1944,3,3,'2000-08-02',381),(1945,3,1,'2000-08-23',1873),(1946,3,1,'2000-10-14',554),(1947,3,8,'2000-05-15',1721),(1948,3,8,'2000-02-03',1628),(1949,3,8,'2000-03-03',1551),(1950,3,8,'2000-07-19',720),(1951,3,8,'2000-07-01',682),(1952,3,8,'2000-08-01',652),(1953,3,8,'2000-11-25',614),(1954,3,8,'2000-12-30',460),(1955,3,8,'2000-07-30',302),(1956,3,6,'2000-10-10',2086),(1957,3,6,'2000-06-27',2071),(1958,3,6,'2000-12-29',1872),(1959,3,6,'2000-07-16',1646),(1960,3,6,'2000-01-23',1246),(1961,3,6,'2000-02-11',1080),(1962,3,13,'2000-01-31',2292),(1963,3,13,'2000-10-06',1807),(1964,3,13,'2000-11-10',1708),(1965,3,2,'2000-08-16',2233),(1966,3,2,'2000-02-24',1580),(1967,3,2,'2000-11-08',1338),(1968,3,2,'2000-02-07',1022),(1969,3,2,'2000-09-19',1003),(1970,3,10,'2000-08-03',2260),(1971,3,10,'2000-08-03',1786),(1972,3,10,'2000-10-21',1050),(1973,3,10,'2000-04-18',977),(1974,3,10,'2000-10-31',331),(1975,3,14,'2000-01-05',2379),(1976,3,14,'2000-10-27',1909),(1977,3,14,'2000-10-03',1677),(1978,3,14,'2000-07-21',1649),(1979,3,14,'2000-06-24',1028),(1980,3,4,'2000-04-18',1061),(1981,3,4,'2000-07-19',927),(1982,3,5,'2000-04-04',1933),(1983,3,5,'2000-09-08',1681),(1984,3,5,'2000-10-24',1636),(1985,3,5,'2000-06-18',767),(1986,9,11,'2000-07-19',1859),(1987,9,11,'2000-11-09',1551),(1988,9,11,'2000-06-20',927),(1989,9,12,'2000-08-19',2186),(1990,9,12,'2000-04-24',1654),(1991,9,12,'2000-12-13',1035),(1992,9,9,'2000-04-30',2104),(1993,9,9,'2000-03-28',1843),(1994,9,9,'2000-04-01',1286),(1995,9,9,'2000-01-17',922),(1996,9,7,'2000-02-01',2121),(1997,9,7,'2000-11-16',1034),(1998,9,7,'2000-12-11',779),(1999,9,3,'2000-09-09',2389),(2000,9,3,'2000-04-03',1859),(2001,9,3,'2000-06-30',1700),(2002,9,3,'2000-02-11',806),(2003,9,3,'2000-09-23',562),(2004,9,3,'2000-11-26',444),(2005,9,3,'2000-04-05',435),(2006,9,1,'2000-02-05',2490),(2007,9,1,'2000-06-14',2466),(2008,9,1,'2000-09-09',2207),(2009,9,1,'2000-06-07',1870),(2010,9,8,'2000-02-07',2246),(2011,9,8,'2000-05-23',1872),(2012,9,8,'2000-02-15',1705),(2013,9,8,'2000-06-17',1460),(2014,9,8,'2000-10-26',1424),(2015,9,8,'2000-04-26',1421),(2016,9,6,'2000-11-10',2466),(2017,9,6,'2000-02-06',2325),(2018,9,6,'2000-12-19',1836),(2019,9,6,'2000-04-02',1629),(2020,9,6,'2000-11-09',1486),(2021,9,6,'2000-05-18',1123),(2022,9,6,'2000-03-04',727),(2023,9,2,'2000-10-14',2343),(2024,9,2,'2000-03-11',1936),(2025,9,2,'2000-11-02',1461),(2026,9,10,'2000-06-15',2358),(2027,9,10,'2000-12-31',1406),(2028,9,10,'2000-08-24',1390),(2029,9,10,'2000-11-26',1240),(2030,9,14,'2000-07-28',2427),(2031,9,4,'2000-05-25',1530),(2032,9,4,'2000-12-24',795),(2033,9,4,'2000-11-08',416),(2034,9,5,'2000-06-11',1651),(2035,9,5,'2000-04-07',1423),(2036,9,5,'2000-01-15',1098),(2037,4,11,'2000-09-22',2225),(2038,4,11,'2000-06-20',1758),(2039,4,11,'2000-08-15',1572),(2040,4,11,'2000-03-11',876),(2041,4,12,'2000-08-30',2377),(2042,4,12,'2000-03-06',2360),(2043,4,12,'2000-02-14',2294),(2044,4,12,'2000-06-14',2108),(2045,4,12,'2000-04-05',2072),(2046,4,12,'2000-02-04',1972),(2047,4,12,'2000-05-30',1889),(2048,4,12,'2000-10-07',1663),(2049,4,12,'2000-08-04',1577),(2050,4,12,'2000-10-09',947),(2051,4,9,'2000-10-13',2305),(2052,4,9,'2000-06-21',1465),(2053,4,9,'2000-03-04',1236),(2054,4,9,'2000-03-21',1119),(2055,4,9,'2000-07-03',921),(2056,4,9,'2000-07-08',626),(2057,4,9,'2000-12-12',332),(2058,4,7,'2000-09-22',2391),(2059,4,7,'2000-05-24',2245),(2060,4,7,'2000-11-20',2031),(2061,4,7,'2000-08-14',1936),(2062,4,7,'2000-07-30',1712),(2063,4,7,'2000-01-16',1089),(2064,4,3,'2000-11-25',2133),(2065,4,3,'2000-08-08',885),(2066,4,3,'2000-03-27',719),(2067,4,3,'2000-06-22',296),(2068,4,1,'2000-04-09',2038),(2069,4,1,'2000-05-23',1661),(2070,4,1,'2000-03-14',1302),(2071,4,1,'2000-11-03',468),(2072,4,1,'2000-05-19',274),(2073,4,8,'2000-05-05',1142),(2074,4,8,'2000-12-24',707),(2075,4,8,'2000-01-15',651),(2076,4,8,'2000-04-22',561),(2077,4,6,'2000-03-09',1031),(2078,4,6,'2000-06-30',809),(2079,4,6,'2000-05-13',788),(2080,4,13,'2000-07-17',1529),(2081,4,13,'2000-01-11',1441),(2082,4,13,'2000-06-09',1169),(2083,4,13,'2000-04-08',1094),(2084,4,13,'2000-12-24',972),(2085,4,13,'2000-12-03',586),(2086,4,2,'2000-01-27',2167),(2087,4,2,'2000-05-06',2077),(2088,4,2,'2000-09-20',1939),(2089,4,2,'2000-05-22',1662),(2090,4,10,'2000-01-25',1385),(2091,4,10,'2000-08-28',1318),(2092,4,10,'2000-06-16',1073),(2093,4,10,'2000-02-16',870),(2094,4,14,'2000-04-21',1387),(2095,4,14,'2000-07-19',685),(2096,4,4,'2000-02-03',1713),(2097,4,4,'2000-08-30',1594),(2098,4,4,'2000-10-26',1018),(2099,4,4,'2000-04-19',880),(2100,4,5,'2000-08-05',2479),(2101,4,5,'2000-09-13',2264),(2102,4,5,'2000-07-20',954),(2103,2,11,'2000-11-20',1446),(2104,2,11,'2000-02-14',1385),(2105,2,11,'2000-03-23',938),(2106,2,11,'2000-08-03',888),(2107,2,12,'2000-01-06',1379),(2108,2,12,'2000-10-20',722),(2109,2,9,'2000-03-05',1752),(2110,2,9,'2000-06-11',981),(2111,2,9,'2000-09-09',915),(2112,2,9,'2000-03-04',727),(2113,2,9,'2000-07-03',338),(2114,2,9,'2000-01-20',274),(2115,2,7,'2000-08-30',1890),(2116,2,7,'2000-09-12',907),(2117,2,7,'2000-02-12',740),(2118,2,7,'2000-05-28',663),(2119,2,7,'2000-03-13',614),(2120,2,3,'2000-03-04',2486),(2121,2,3,'2000-02-16',2236),(2122,2,3,'2000-06-11',2122),(2123,2,3,'2000-08-24',1910),(2124,2,3,'2000-04-01',1862),(2125,2,3,'2000-09-15',1659),(2126,2,3,'2000-01-08',1623),(2127,2,3,'2000-07-27',1472),(2128,2,3,'2000-09-13',1282),(2129,2,3,'2000-06-13',861),(2130,2,1,'2000-08-09',2450),(2131,2,1,'2000-03-19',1575),(2132,2,1,'2000-12-14',1407),(2133,2,1,'2000-03-17',848),(2134,2,1,'2000-02-28',796),(2135,2,1,'2000-02-07',361),(2136,2,8,'2000-12-19',1829),(2137,2,8,'2000-01-09',778),(2138,2,8,'2000-10-26',657),(2139,2,8,'2000-03-09',505),(2140,2,8,'2000-09-16',338),(2141,2,6,'2000-09-18',1888),(2142,2,6,'2000-01-11',1877),(2143,2,6,'2000-03-26',1437),(2144,2,6,'2000-07-28',756),(2145,2,13,'2000-02-02',2276),(2146,2,13,'2000-04-22',1106),(2147,2,2,'2000-06-25',2435),(2148,2,2,'2000-12-26',1512),(2149,2,2,'2000-01-25',1142),(2150,2,2,'2000-04-14',556),(2151,2,10,'2000-01-18',1747),(2152,2,10,'2000-08-29',880),(2153,2,10,'2000-02-21',555),(2154,2,10,'2000-02-23',506),(2155,2,14,'2000-06-18',1893),(2156,2,14,'2000-05-10',1646),(2157,2,14,'2000-02-16',1115),(2158,2,14,'2000-05-17',1046),(2159,2,14,'2000-12-18',847),(2160,2,14,'2000-04-09',603),(2161,2,4,'2000-03-22',1895),(2162,2,4,'2000-07-12',952),(2163,2,4,'2000-05-22',925),(2164,2,4,'2000-04-07',808),(2165,2,4,'2000-06-07',737),(2166,2,4,'2000-01-05',312),(2167,2,5,'2000-11-20',1741),(2168,2,5,'2000-08-15',684),(2169,2,5,'2000-04-17',414),(2170,8,11,'2000-02-15',2319),(2171,8,11,'2000-02-01',1831),(2172,8,11,'2000-07-20',900),(2173,8,11,'2000-09-09',527),(2174,8,11,'2000-04-28',507),(2175,8,11,'2000-02-29',326),(2176,8,12,'2000-02-23',1775),(2177,8,12,'2000-02-04',479),(2178,8,12,'2000-09-12',324),(2179,8,9,'2000-10-23',1839),(2180,8,9,'2000-10-25',945),(2181,8,9,'2000-11-13',558),(2182,8,7,'2000-06-02',1689),(2183,8,7,'2000-08-08',1608),(2184,8,7,'2000-09-17',748),(2185,8,7,'2000-12-10',673),(2186,8,7,'2000-06-25',509),(2187,8,3,'2000-08-03',1650),(2188,8,1,'2000-01-11',1815),(2189,8,1,'2000-02-17',1762),(2190,8,1,'2000-10-26',1409),(2191,8,1,'2000-12-30',1108),(2192,8,8,'2000-08-03',1998),(2193,8,8,'2000-06-10',435),(2194,8,6,'2000-02-03',2460),(2195,8,6,'2000-07-04',1120),(2196,8,6,'2000-05-28',898),(2197,8,6,'2000-12-10',789),(2198,8,13,'2000-10-17',2426),(2199,8,13,'2000-05-21',2331),(2200,8,13,'2000-08-18',1293),(2201,8,13,'2000-12-08',859),(2202,8,13,'2000-05-05',663),(2203,8,13,'2000-09-04',283),(2204,8,2,'2000-12-03',1150),(2205,8,2,'2000-10-04',1029),(2206,8,2,'2000-04-11',784),(2207,8,2,'2000-10-09',525),(2208,8,2,'2000-01-03',291),(2209,8,10,'2000-10-17',1397),(2210,8,10,'2000-04-28',1045),(2211,8,10,'2000-06-29',975),(2212,8,10,'2000-04-12',413),(2213,8,10,'2000-03-22',254),(2214,8,14,'2000-12-01',2297),(2215,8,14,'2000-08-25',2152),(2216,8,14,'2000-06-08',1578),(2217,8,14,'2000-01-03',1224),(2218,8,4,'2000-10-22',2186),(2219,8,4,'2000-12-27',1988),(2220,8,4,'2000-12-12',1694),(2221,8,4,'2000-07-23',378),(2222,8,4,'2000-10-02',332),(2223,8,5,'2000-06-21',2498),(2224,8,5,'2000-09-09',2497),(2225,8,5,'2000-10-12',2198),(2226,8,5,'2000-03-07',2078),(2227,8,5,'2000-05-11',2001),(2228,8,5,'2000-02-08',374),(2229,10,11,'2000-03-24',2361),(2230,10,11,'2000-08-10',1902),(2231,10,12,'2000-07-30',1986),(2232,10,12,'2000-12-09',1496),(2233,10,12,'2000-05-09',315),(2234,10,9,'2000-02-20',1431),(2235,10,7,'2000-03-25',2114),(2236,10,7,'2000-09-25',1867),(2237,10,7,'2000-12-22',1480),(2238,10,7,'2000-07-08',1101),(2239,10,7,'2000-08-28',1018),(2240,10,7,'2000-04-25',556),(2241,10,7,'2000-01-12',344),(2242,10,3,'2000-09-14',1875),(2243,10,3,'2000-01-02',532),(2244,10,1,'2000-01-08',2111),(2245,10,1,'2000-02-04',1446),(2246,10,1,'2000-01-16',691),(2247,10,1,'2000-10-14',452),(2248,10,8,'2000-05-23',2218),(2249,10,8,'2000-06-19',2050),(2250,10,8,'2000-08-01',1328),(2251,10,8,'2000-07-12',525),(2252,10,6,'2000-07-22',1629),(2253,10,6,'2000-08-10',1400),(2254,10,6,'2000-06-13',965),(2255,10,6,'2000-11-05',411),(2256,10,6,'2000-06-19',322),(2257,10,13,'2000-10-23',2033),(2258,10,13,'2000-12-10',1472),(2259,10,13,'2000-10-25',1339),(2260,10,13,'2000-12-31',1293),(2261,10,13,'2000-08-25',984),(2262,10,13,'2000-03-27',484),(2263,10,2,'2000-07-23',2480),(2264,10,2,'2000-03-07',2126),(2265,10,2,'2000-01-29',1768),(2266,10,2,'2000-11-27',1262),(2267,10,2,'2000-05-30',1195),(2268,10,10,'2000-06-27',2481),(2269,10,10,'2000-12-15',2268),(2270,10,10,'2000-08-24',2020),(2271,10,10,'2000-08-01',1985),(2272,10,10,'2000-08-01',1945),(2273,10,14,'2000-09-22',2252),(2274,10,14,'2000-03-19',2180),(2275,10,14,'2000-07-11',2130),(2276,10,14,'2000-03-04',2113),(2277,10,14,'2000-03-28',1820),(2278,10,14,'2000-09-16',1494),(2279,10,14,'2000-12-23',1472),(2280,10,14,'2000-02-04',1224),(2281,10,14,'2000-05-22',1049),(2282,10,14,'2000-03-04',783),(2283,10,14,'2000-10-31',562),(2284,10,14,'2000-07-12',370),(2285,10,4,'2000-08-30',947),(2286,10,4,'2000-02-14',330),(2287,10,5,'2000-06-04',2482),(2288,10,5,'2000-04-27',1344),(2289,10,5,'2000-08-28',1106),(2290,5,11,'2000-02-03',1855),(2291,5,11,'2000-04-24',1467),(2292,5,11,'2000-06-09',1300),(2293,5,11,'2000-03-01',969),(2294,5,11,'2000-12-29',918),(2295,5,11,'2000-02-09',841),(2296,5,11,'2000-10-26',733),(2297,5,11,'2000-03-31',364),(2298,5,12,'2000-02-15',1421),(2299,5,12,'2000-08-27',915),(2300,5,12,'2000-04-07',502),(2301,5,12,'2000-01-31',353),(2302,5,9,'2000-05-19',2430),(2303,5,9,'2000-12-02',1543),(2304,5,9,'2000-04-30',668),(2305,5,9,'2000-04-24',581),(2306,5,7,'2000-08-21',1981),(2307,5,7,'2000-08-24',1804),(2308,5,7,'2000-06-15',1322),(2309,5,7,'2000-09-17',619),(2310,5,3,'2000-07-28',2171),(2311,5,3,'2000-05-14',1975),(2312,5,3,'2000-11-08',1845),(2313,5,3,'2000-02-19',1671),(2314,5,3,'2000-05-31',1300),(2315,5,3,'2000-03-24',1129),(2316,5,3,'2000-11-12',753),(2317,5,3,'2000-11-02',670),(2318,5,1,'2000-11-09',2243),(2319,5,1,'2000-11-12',2083),(2320,5,1,'2000-09-23',1480),(2321,5,1,'2000-07-24',1128),(2322,5,1,'2000-12-11',1078),(2323,5,1,'2000-04-27',607),(2324,5,1,'2000-09-15',564),(2325,5,8,'2000-05-08',2352),(2326,5,6,'2000-02-24',2432),(2327,5,6,'2000-02-12',2200),(2328,5,6,'2000-11-10',2150),(2329,5,6,'2000-10-21',1720),(2330,5,6,'2000-09-25',1691),(2331,5,6,'2000-04-17',1472),(2332,5,13,'2000-02-10',1771),(2333,5,13,'2000-05-04',1240),(2334,5,13,'2000-08-21',357),(2335,5,2,'2000-09-08',2249),(2336,5,2,'2000-12-22',1882),(2337,5,2,'2000-01-02',1521),(2338,5,2,'2000-06-20',1460),(2339,5,2,'2000-11-20',1221),(2340,5,2,'2000-03-17',440),(2341,5,10,'2000-11-06',2421),(2342,5,10,'2000-10-17',1655),(2343,5,10,'2000-11-05',1466),(2344,5,10,'2000-06-09',657),(2345,5,10,'2000-12-12',626),(2346,5,14,'2000-12-28',2444),(2347,5,14,'2000-02-18',1969),(2348,5,14,'2000-12-01',1260),(2349,5,14,'2000-08-23',1124),(2350,5,14,'2000-10-21',1116),(2351,5,14,'2000-04-09',867),(2352,5,14,'2000-09-19',733),(2353,5,14,'2000-04-08',656),(2354,5,4,'2000-06-20',1390),(2355,5,4,'2000-07-30',1297),(2356,5,4,'2000-09-25',295),(2357,5,5,'2000-12-11',2249),(2358,5,5,'2000-04-02',1472),(2359,5,5,'2000-12-01',1462),(2360,5,5,'2000-03-09',1342),(2361,5,5,'2000-07-04',632),(2362,5,5,'2000-06-26',276),(2363,12,11,'2000-09-29',2030),(2364,12,11,'2000-12-01',1441),(2365,12,11,'2000-12-28',1383),(2366,12,11,'2000-01-11',914),(2367,12,12,'2000-02-21',1648),(2368,12,12,'2000-05-08',1367),(2369,12,12,'2000-10-27',1171),(2370,12,12,'2000-07-11',1120),(2371,12,12,'2000-06-17',1105),(2372,12,12,'2000-09-23',1027),(2373,12,12,'2000-09-25',818),(2374,12,9,'2000-06-21',829),(2375,12,9,'2000-03-06',525),(2376,12,9,'2000-01-02',409),(2377,12,7,'2000-05-01',2166),(2378,12,7,'2000-11-23',1727),(2379,12,7,'2000-05-18',1645),(2380,12,7,'2000-08-28',1062),(2381,12,7,'2000-08-19',554),(2382,12,7,'2000-09-19',500),(2383,12,3,'2000-08-16',2473),(2384,12,3,'2000-02-22',2396),(2385,12,3,'2000-01-05',2333),(2386,12,3,'2000-09-23',2240),(2387,12,3,'2000-05-23',2058),(2388,12,3,'2000-06-06',1675),(2389,12,3,'2000-08-19',1292),(2390,12,3,'2000-12-30',1144),(2391,12,3,'2000-02-04',261),(2392,12,1,'2000-05-01',700),(2393,12,8,'2000-03-06',1945),(2394,12,8,'2000-03-12',1529),(2395,12,8,'2000-12-20',1527),(2396,12,8,'2000-12-14',1258),(2397,12,8,'2000-07-05',994),(2398,12,8,'2000-04-27',932),(2399,12,6,'2000-06-08',2095),(2400,12,6,'2000-10-15',1923),(2401,12,6,'2000-11-24',1489),(2402,12,6,'2000-02-26',1237),(2403,12,13,'2000-04-26',2046),(2404,12,13,'2000-03-06',1542),(2405,12,13,'2000-01-22',784),(2406,12,13,'2000-01-03',350),(2407,12,2,'2000-08-11',2124),(2408,12,2,'2000-06-26',1774),(2409,12,2,'2000-02-06',1459),(2410,12,2,'2000-07-07',818),(2411,12,2,'2000-11-21',796),(2412,12,2,'2000-02-12',788),(2413,12,2,'2000-01-03',492),(2414,12,2,'2000-05-26',316),(2415,12,10,'2000-02-24',1409),(2416,12,10,'2000-08-05',1326),(2417,12,10,'2000-12-27',278),(2418,12,14,'2000-02-19',2475),(2419,12,14,'2000-12-14',2324),(2420,12,14,'2000-01-05',2019),(2421,12,14,'2000-05-21',1976),(2422,12,14,'2000-07-13',787),(2423,12,14,'2000-10-07',446),(2424,12,4,'2000-12-24',664),(2425,12,4,'2000-08-08',357),(2426,12,5,'2000-06-01',2181),(2427,12,5,'2000-01-29',2026),(2428,12,5,'2000-07-29',2025),(2429,12,5,'2000-05-18',1940),(2430,12,5,'2000-08-05',1849),(2431,12,5,'2000-10-28',1777),(2432,12,5,'2000-05-19',1633),(2433,13,11,'2000-08-16',1584),(2434,13,11,'2000-02-22',1110),(2435,13,12,'2000-12-21',2438),(2436,13,12,'2000-08-14',1932),(2437,13,12,'2000-02-13',1876),(2438,13,12,'2000-05-06',1774),(2439,13,12,'2000-09-26',1172),(2440,13,12,'2000-10-17',978),(2441,13,12,'2000-09-24',420),(2442,13,9,'2000-10-16',1987),(2443,13,9,'2000-06-08',1970),(2444,13,9,'2000-08-22',1377),(2445,13,9,'2000-10-28',1328),(2446,13,9,'2000-10-03',582),(2447,13,9,'2000-02-25',398),(2448,13,9,'2000-07-22',345),(2449,13,7,'2000-12-11',2247),(2450,13,7,'2000-11-08',1939),(2451,13,7,'2000-04-16',1611),(2452,13,7,'2000-12-08',1118),(2453,13,7,'2000-10-10',509),(2454,13,3,'2000-07-14',2453),(2455,13,3,'2000-11-04',2107),(2456,13,3,'2000-09-12',2047),(2457,13,3,'2000-12-11',1785),(2458,13,3,'2000-07-28',623),(2459,13,3,'2000-04-05',303),(2460,13,1,'2000-05-05',2368),(2461,13,1,'2000-01-13',2212),(2462,13,1,'2000-02-21',2212),(2463,13,1,'2000-06-22',1209),(2464,13,1,'2000-02-11',588),(2465,13,1,'2000-02-18',423),(2466,13,8,'2000-10-05',1780),(2467,13,6,'2000-09-06',2427),(2468,13,6,'2000-11-11',2298),(2469,13,6,'2000-11-10',1724),(2470,13,6,'2000-08-12',1072),(2471,13,6,'2000-08-01',939),(2472,13,6,'2000-05-27',743),(2473,13,13,'2000-07-11',2455),(2474,13,13,'2000-08-24',2304),(2475,13,13,'2000-03-14',1973),(2476,13,13,'2000-04-09',1930),(2477,13,13,'2000-08-19',1894),(2478,13,13,'2000-09-12',1291),(2479,13,13,'2000-02-08',461),(2480,13,13,'2000-01-11',380),(2481,13,13,'2000-12-17',371),(2482,13,2,'2000-10-12',2496),(2483,13,2,'2000-03-03',2416),(2484,13,2,'2000-12-17',1800),(2485,13,10,'2000-12-26',1699),(2486,13,10,'2000-03-31',691),(2487,13,14,'2000-11-26',1941),(2488,13,14,'2000-04-08',1930),(2489,13,14,'2000-01-19',1705),(2490,13,14,'2000-05-09',1328),(2491,13,14,'2000-12-27',946),(2492,13,14,'2000-09-01',843),(2493,13,4,'2000-08-14',2247),(2494,13,4,'2000-01-17',2010),(2495,13,4,'2000-06-12',1933),(2496,13,4,'2000-10-04',1837),(2497,13,4,'2000-07-30',1479),(2498,13,4,'2000-05-10',908),(2499,13,5,'2000-04-17',2229),(2500,13,5,'2000-04-09',1792),(2501,13,5,'2000-07-07',1495),(2502,13,5,'2000-07-02',1377),(2503,13,5,'2000-08-21',744),(2504,13,5,'2000-09-23',296),(2505,11,11,'2001-06-23',1967),(2506,11,11,'2001-09-13',613),(2507,11,11,'2001-05-30',522),(2508,11,12,'2001-03-16',2309),(2509,11,12,'2001-11-15',1761),(2510,11,12,'2001-06-14',1686),(2511,11,12,'2001-06-05',1603),(2512,11,12,'2001-09-22',1424),(2513,11,12,'2001-10-23',1408),(2514,11,12,'2001-07-27',1205),(2515,11,12,'2001-07-09',1195),(2516,11,12,'2001-02-07',822),(2517,11,12,'2001-04-17',618),(2518,11,12,'2001-05-28',547),(2519,11,12,'2001-12-31',395),(2520,11,9,'2001-04-28',2491),(2521,11,9,'2001-09-25',2205),(2522,11,9,'2001-03-09',1340),(2523,11,9,'2001-04-08',545),(2524,11,7,'2001-02-18',1887),(2525,11,7,'2001-04-22',1562),(2526,11,7,'2001-07-10',1128),(2527,11,3,'2001-01-30',2143),(2528,11,3,'2001-10-16',2083),(2529,11,3,'2001-03-09',2008),(2530,11,3,'2001-08-22',1364),(2531,11,3,'2001-06-27',1115),(2532,11,3,'2001-04-23',602),(2533,11,3,'2001-12-23',323),(2534,11,1,'2001-10-09',2451),(2535,11,1,'2001-08-07',833),(2536,11,8,'2001-09-20',1356),(2537,11,8,'2001-12-30',1155),(2538,11,8,'2001-09-20',313),(2539,11,6,'2001-01-28',2483),(2540,11,6,'2001-04-25',1983),(2541,11,6,'2001-08-05',1273),(2542,11,6,'2001-05-08',992),(2543,11,13,'2001-09-24',1727),(2544,11,13,'2001-02-15',1388),(2545,11,13,'2001-04-14',1142),(2546,11,13,'2001-08-20',1091),(2547,11,13,'2001-11-22',595),(2548,11,13,'2001-08-29',436),(2549,11,2,'2001-05-09',2374),(2550,11,2,'2001-10-08',1919),(2551,11,2,'2001-04-12',811),(2552,11,2,'2001-02-04',519),(2553,11,2,'2001-04-02',507),(2554,11,2,'2001-06-05',271),(2555,11,10,'2001-11-12',2292),(2556,11,10,'2001-09-23',2141),(2557,11,10,'2001-09-01',1634),(2558,11,10,'2001-11-04',1535),(2559,11,10,'2001-02-19',1331),(2560,11,10,'2001-02-17',882),(2561,11,10,'2001-09-17',879),(2562,11,10,'2001-01-29',498),(2563,11,14,'2001-04-28',1250),(2564,11,14,'2001-06-20',775),(2565,11,14,'2001-04-18',551),(2566,11,5,'2001-12-30',2098),(2567,11,5,'2001-05-02',2048),(2568,11,5,'2001-11-17',1617),(2569,11,5,'2001-04-03',1289),(2570,11,5,'2001-02-28',564),(2571,6,11,'2001-11-01',2444),(2572,6,11,'2001-07-26',1844),(2573,6,11,'2001-12-23',1437),(2574,6,12,'2001-01-20',2198),(2575,6,12,'2001-10-19',2096),(2576,6,12,'2001-01-22',1471),(2577,6,12,'2001-05-21',1419),(2578,6,12,'2001-07-26',1400),(2579,6,12,'2001-10-30',1171),(2580,6,12,'2001-12-11',1138),(2581,6,12,'2001-09-04',282),(2582,6,9,'2001-02-08',2274),(2583,6,9,'2001-03-22',1996),(2584,6,9,'2001-11-14',1995),(2585,6,9,'2001-07-28',253),(2586,6,7,'2001-02-04',2495),(2587,6,7,'2001-04-03',2257),(2588,6,7,'2001-04-21',1815),(2589,6,7,'2001-09-09',1601),(2590,6,7,'2001-07-31',1316),(2591,6,7,'2001-08-31',965),(2592,6,7,'2001-06-29',404),(2593,6,3,'2001-08-16',1549),(2594,6,3,'2001-08-29',1187),(2595,6,3,'2001-12-07',482),(2596,6,1,'2001-10-17',1880),(2597,6,1,'2001-07-10',1665),(2598,6,1,'2001-10-29',1560),(2599,6,1,'2001-01-31',716),(2600,6,1,'2001-10-02',354),(2601,6,8,'2001-03-28',2439),(2602,6,8,'2001-03-25',1671),(2603,6,8,'2001-01-17',891),(2604,6,8,'2001-06-17',659),(2605,6,6,'2001-07-24',2120),(2606,6,6,'2001-06-29',1686),(2607,6,6,'2001-07-14',1627),(2608,6,6,'2001-12-28',1324),(2609,6,6,'2001-11-28',801),(2610,6,6,'2001-07-23',788),(2611,6,6,'2001-01-11',319),(2612,6,6,'2001-02-10',286),(2613,6,13,'2001-12-05',2240),(2614,6,13,'2001-05-29',2049),(2615,6,13,'2001-03-13',1178),(2616,6,13,'2001-09-08',901),(2617,6,13,'2001-04-19',377),(2618,6,13,'2001-02-12',376),(2619,6,2,'2001-12-02',1497),(2620,6,2,'2001-04-25',738),(2621,6,2,'2001-07-20',617),(2622,6,2,'2001-10-24',343),(2623,6,10,'2001-02-08',2278),(2624,6,10,'2001-01-02',1019),(2625,6,10,'2001-07-31',773),(2626,6,10,'2001-12-13',639),(2627,6,14,'2001-07-22',1814),(2628,6,14,'2001-05-03',971),(2629,6,4,'2001-07-07',2206),(2630,6,4,'2001-12-30',1547),(2631,6,4,'2001-01-03',1279),(2632,6,4,'2001-02-10',802),(2633,6,4,'2001-11-11',567),(2634,6,4,'2001-03-11',473),(2635,6,5,'2001-09-20',1912),(2636,6,5,'2001-05-08',1734),(2637,6,5,'2001-04-21',1733),(2638,6,5,'2001-12-02',1543),(2639,6,5,'2001-11-06',873),(2640,6,5,'2001-08-22',869),(2641,6,5,'2001-03-23',643),(2642,1,11,'2001-01-13',2203),(2643,1,11,'2001-03-22',2093),(2644,1,11,'2001-05-23',1777),(2645,1,11,'2001-12-20',1492),(2646,1,11,'2001-04-03',1285),(2647,1,11,'2001-04-08',1121),(2648,1,11,'2001-05-09',878),(2649,1,11,'2001-07-01',325),(2650,1,12,'2001-08-20',2115),(2651,1,12,'2001-01-02',875),(2652,1,12,'2001-07-18',295),(2653,1,9,'2001-09-26',2123),(2654,1,9,'2001-11-30',2064),(2655,1,9,'2001-07-24',1962),(2656,1,9,'2001-07-15',1006),(2657,1,9,'2001-03-30',725),(2658,1,9,'2001-12-01',491),(2659,1,9,'2001-06-27',455),(2660,1,7,'2001-08-24',2006),(2661,1,7,'2001-01-04',1508),(2662,1,7,'2001-01-12',1090),(2663,1,7,'2001-08-23',473),(2664,1,3,'2001-04-11',1696),(2665,1,3,'2001-11-24',1229),(2666,1,3,'2001-11-13',392),(2667,1,1,'2001-06-30',2122),(2668,1,1,'2001-05-18',1875),(2669,1,1,'2001-10-10',1488),(2670,1,1,'2001-11-12',1147),(2671,1,1,'2001-11-29',1033),(2672,1,1,'2001-06-11',785),(2673,1,1,'2001-04-30',375),(2674,1,8,'2001-07-26',1840),(2675,1,8,'2001-12-22',1824),(2676,1,8,'2001-07-03',1363),(2677,1,8,'2001-06-06',774),(2678,1,6,'2001-02-25',1411),(2679,1,6,'2001-11-16',1355),(2680,1,6,'2001-04-14',1164),(2681,1,6,'2001-01-16',564),(2682,1,13,'2001-08-23',1630),(2683,1,13,'2001-12-15',936),(2684,1,2,'2001-06-30',2437),(2685,1,2,'2001-11-13',2396),(2686,1,2,'2001-02-26',1183),(2687,1,10,'2001-06-07',1705),(2688,1,10,'2001-10-18',1536),(2689,1,10,'2001-01-23',1270),(2690,1,14,'2001-09-15',1663),(2691,1,14,'2001-10-06',437),(2692,1,14,'2001-06-05',281),(2693,1,4,'2001-02-01',1704),(2694,1,4,'2001-05-03',1636),(2695,1,4,'2001-06-14',1134),(2696,1,4,'2001-06-17',1036),(2697,1,4,'2001-06-24',413),(2698,1,5,'2001-09-27',2179),(2699,1,5,'2001-12-29',2081),(2700,1,5,'2001-06-12',1985),(2701,1,5,'2001-07-21',1606),(2702,7,11,'2001-03-10',1862),(2703,7,11,'2001-12-07',1447),(2704,7,11,'2001-05-14',618),(2705,7,12,'2001-08-13',2328),(2706,7,12,'2001-08-31',1559),(2707,7,9,'2001-03-02',1734),(2708,7,9,'2001-12-30',1020),(2709,7,9,'2001-01-14',592),(2710,7,7,'2001-04-21',1733),(2711,7,7,'2001-05-19',1537),(2712,7,7,'2001-02-21',1354),(2713,7,7,'2001-02-01',1115),(2714,7,7,'2001-06-08',573),(2715,7,7,'2001-04-22',254),(2716,7,3,'2001-04-15',2318),(2717,7,3,'2001-03-13',1909),(2718,7,3,'2001-01-12',1710),(2719,7,3,'2001-05-20',424),(2720,7,3,'2001-06-04',343),(2721,7,1,'2001-04-28',1838),(2722,7,1,'2001-07-11',1811),(2723,7,1,'2001-03-06',1415),(2724,7,1,'2001-10-22',393),(2725,7,8,'2001-07-01',2460),(2726,7,8,'2001-08-01',1716),(2727,7,6,'2001-05-01',2339),(2728,7,6,'2001-02-04',2314),(2729,7,6,'2001-10-08',2267),(2730,7,6,'2001-01-03',575),(2731,7,6,'2001-05-13',261),(2732,7,13,'2001-04-04',2186),(2733,7,13,'2001-04-30',1559),(2734,7,13,'2001-02-23',1340),(2735,7,13,'2001-09-21',1296),(2736,7,13,'2001-04-14',1037),(2737,7,13,'2001-03-19',302),(2738,7,10,'2001-01-07',925),(2739,7,10,'2001-03-11',434),(2740,7,14,'2001-05-12',2418),(2741,7,14,'2001-01-04',1933),(2742,7,14,'2001-03-23',1754),(2743,7,14,'2001-02-23',1509),(2744,7,14,'2001-04-09',910),(2745,7,14,'2001-10-04',596),(2746,7,4,'2001-01-21',2201),(2747,7,4,'2001-08-13',2087),(2748,7,4,'2001-04-15',1985),(2749,7,4,'2001-12-24',1693),(2750,7,4,'2001-11-27',1536),(2751,7,4,'2001-09-08',1189),(2752,7,4,'2001-07-29',970),(2753,7,4,'2001-06-29',913),(2754,7,4,'2001-08-22',496),(2755,7,5,'2001-08-27',2062),(2756,7,5,'2001-11-09',1512),(2757,7,5,'2001-06-10',1164),(2758,7,5,'2001-08-07',628),(2759,3,11,'2001-05-12',1589),(2760,3,11,'2001-01-18',924),(2761,3,12,'2001-12-03',1600),(2762,3,12,'2001-03-31',1550),(2763,3,12,'2001-09-15',1346),(2764,3,12,'2001-05-16',980),(2765,3,12,'2001-06-28',898),(2766,3,12,'2001-01-20',620),(2767,3,12,'2001-10-23',358),(2768,3,9,'2001-09-11',2267),(2769,3,9,'2001-09-28',1798),(2770,3,7,'2001-12-12',2280),(2771,3,7,'2001-12-02',1940),(2772,3,7,'2001-09-25',1851),(2773,3,7,'2001-06-06',1700),(2774,3,7,'2001-11-28',1165),(2775,3,7,'2001-08-28',904),(2776,3,7,'2001-09-04',700),(2777,3,7,'2001-10-26',561),(2778,3,7,'2001-05-30',335),(2779,3,3,'2001-04-23',985),(2780,3,1,'2001-02-10',2386),(2781,3,1,'2001-10-02',1410),(2782,3,1,'2001-03-18',1161),(2783,3,1,'2001-04-10',1073),(2784,3,1,'2001-09-19',906),(2785,3,1,'2001-05-02',617),(2786,3,8,'2001-10-29',1677),(2787,3,8,'2001-09-15',1540),(2788,3,8,'2001-10-27',1201),(2789,3,8,'2001-02-23',972),(2790,3,8,'2001-07-27',749),(2791,3,8,'2001-05-19',733),(2792,3,6,'2001-01-10',1959),(2793,3,6,'2001-12-22',1154),(2794,3,6,'2001-08-09',1063),(2795,3,6,'2001-05-22',1051),(2796,3,6,'2001-03-30',548),(2797,3,6,'2001-12-19',348),(2798,3,13,'2001-12-04',2442),(2799,3,13,'2001-12-13',2092),(2800,3,13,'2001-03-03',1842),(2801,3,13,'2001-03-25',1462),(2802,3,13,'2001-04-24',1247),(2803,3,13,'2001-06-19',632),(2804,3,13,'2001-04-28',597),(2805,3,13,'2001-12-29',276),(2806,3,2,'2001-04-29',2384),(2807,3,2,'2001-07-21',1326),(2808,3,10,'2001-06-18',1568),(2809,3,14,'2001-12-08',2247),(2810,3,14,'2001-08-25',2244),(2811,3,14,'2001-03-01',2225),(2812,3,14,'2001-01-08',1783),(2813,3,14,'2001-02-25',1685),(2814,3,14,'2001-02-15',1669),(2815,3,14,'2001-11-20',1647),(2816,3,4,'2001-10-16',2035),(2817,3,4,'2001-07-20',1973),(2818,3,4,'2001-09-15',1506),(2819,3,4,'2001-11-13',1426),(2820,3,4,'2001-11-23',682),(2821,3,4,'2001-04-15',578),(2822,3,5,'2001-07-30',2094),(2823,3,5,'2001-05-11',1342),(2824,3,5,'2001-06-14',1219),(2825,3,5,'2001-01-30',989),(2826,3,5,'2001-04-19',875),(2827,9,11,'2001-06-06',2484),(2828,9,11,'2001-07-21',2370),(2829,9,11,'2001-12-21',1791),(2830,9,11,'2001-06-11',1786),(2831,9,11,'2001-09-21',1188),(2832,9,12,'2001-10-10',913),(2833,9,9,'2001-03-11',2156),(2834,9,9,'2001-03-16',1908),(2835,9,9,'2001-01-18',1810),(2836,9,9,'2001-12-31',1401),(2837,9,9,'2001-05-06',1000),(2838,9,9,'2001-04-17',703),(2839,9,9,'2001-10-11',630),(2840,9,9,'2001-12-20',590),(2841,9,9,'2001-12-07',377),(2842,9,7,'2001-04-28',2039),(2843,9,7,'2001-10-07',2022),(2844,9,7,'2001-10-22',369),(2845,9,3,'2001-09-10',1916),(2846,9,3,'2001-05-25',1329),(2847,9,3,'2001-02-12',917),(2848,9,1,'2001-10-26',1032),(2849,9,1,'2001-04-15',995),(2850,9,1,'2001-01-28',347),(2851,9,8,'2001-10-07',2428),(2852,9,8,'2001-08-12',1781),(2853,9,8,'2001-01-30',1525),(2854,9,8,'2001-01-14',1206),(2855,9,6,'2001-08-11',904),(2856,9,6,'2001-07-03',323),(2857,9,13,'2001-04-20',1970),(2858,9,13,'2001-08-29',1638),(2859,9,13,'2001-04-03',1383),(2860,9,13,'2001-01-05',717),(2861,9,2,'2001-10-12',2035),(2862,9,2,'2001-09-15',1312),(2863,9,2,'2001-09-24',1281),(2864,9,2,'2001-04-17',303),(2865,9,10,'2001-12-27',1907),(2866,9,10,'2001-02-21',1358),(2867,9,10,'2001-03-11',633),(2868,9,14,'2001-04-25',1829),(2869,9,14,'2001-02-27',1401),(2870,9,4,'2001-09-08',2379),(2871,9,4,'2001-02-12',1575),(2872,9,4,'2001-08-07',1063),(2873,9,4,'2001-08-13',600),(2874,9,4,'2001-01-02',595),(2875,9,4,'2001-10-01',545),(2876,9,5,'2001-03-09',2328),(2877,9,5,'2001-09-10',1871),(2878,9,5,'2001-12-11',1238),(2879,9,5,'2001-06-09',1206),(2880,9,5,'2001-05-31',1089),(2881,9,5,'2001-09-07',299),(2882,4,11,'2001-02-08',2300),(2883,4,11,'2001-06-30',2275),(2884,4,11,'2001-07-06',2204),(2885,4,11,'2001-08-06',2143),(2886,4,11,'2001-01-31',1941),(2887,4,11,'2001-04-18',1649),(2888,4,11,'2001-09-18',1429),(2889,4,11,'2001-06-22',1124),(2890,4,11,'2001-10-04',1049),(2891,4,11,'2001-01-07',919),(2892,4,12,'2001-06-19',2415),(2893,4,12,'2001-07-29',2337),(2894,4,12,'2001-04-20',1401),(2895,4,12,'2001-11-11',1328),(2896,4,12,'2001-03-08',1116),(2897,4,9,'2001-09-24',1214),(2898,4,9,'2001-07-19',1138),(2899,4,7,'2001-02-08',1408),(2900,4,7,'2001-07-27',871),(2901,4,7,'2001-03-08',395),(2902,4,3,'2001-07-04',2353),(2903,4,3,'2001-03-12',2343),(2904,4,3,'2001-06-10',2064),(2905,4,3,'2001-02-15',1946),(2906,4,3,'2001-05-22',1745),(2907,4,3,'2001-07-10',1701),(2908,4,3,'2001-04-22',1076),(2909,4,3,'2001-02-23',1015),(2910,4,3,'2001-10-06',857),(2911,4,3,'2001-07-11',853),(2912,4,3,'2001-11-06',408),(2913,4,1,'2001-01-17',2326),(2914,4,1,'2001-01-13',1905),(2915,4,1,'2001-07-10',1893),(2916,4,1,'2001-07-03',1804),(2917,4,1,'2001-04-01',1668),(2918,4,1,'2001-07-17',811),(2919,4,1,'2001-02-10',749),(2920,4,1,'2001-04-09',279),(2921,4,1,'2001-01-15',261),(2922,4,8,'2001-06-28',2347),(2923,4,8,'2001-05-28',1202),(2924,4,8,'2001-04-17',866),(2925,4,8,'2001-11-01',471),(2926,4,6,'2001-04-23',2476),(2927,4,6,'2001-01-18',1635),(2928,4,6,'2001-02-03',1609),(2929,4,6,'2001-08-03',1466),(2930,4,13,'2001-09-28',2162),(2931,4,13,'2001-01-26',2133),(2932,4,13,'2001-06-28',1944),(2933,4,13,'2001-04-19',1098),(2934,4,13,'2001-08-18',1071),(2935,4,2,'2001-02-26',2368),(2936,4,2,'2001-12-28',1240),(2937,4,2,'2001-09-26',446),(2938,4,10,'2001-04-30',1920),(2939,4,10,'2001-04-26',1854),(2940,4,10,'2001-06-14',1404),(2941,4,10,'2001-02-20',1269),(2942,4,10,'2001-07-29',1150),(2943,4,10,'2001-08-23',857),(2944,4,14,'2001-09-20',2413),(2945,4,14,'2001-01-06',2290),(2946,4,14,'2001-05-28',2124),(2947,4,14,'2001-08-04',1935),(2948,4,14,'2001-11-21',1510),(2949,4,14,'2001-05-22',1380),(2950,4,14,'2001-04-26',1260),(2951,4,14,'2001-07-10',814),(2952,4,14,'2001-12-06',740),(2953,4,14,'2001-07-17',666),(2954,4,4,'2001-01-04',2409),(2955,4,4,'2001-08-21',2226),(2956,4,4,'2001-06-08',1356),(2957,4,4,'2001-02-14',1324),(2958,4,4,'2001-08-16',708),(2959,4,5,'2001-08-05',2306),(2960,4,5,'2001-05-20',1685),(2961,4,5,'2001-10-29',1206),(2962,4,5,'2001-03-03',1132),(2963,4,5,'2001-11-13',920),(2964,4,5,'2001-04-22',309),(2965,2,11,'2001-03-05',362),(2966,2,12,'2001-06-23',2291),(2967,2,12,'2001-04-14',2026),(2968,2,12,'2001-07-04',1919),(2969,2,12,'2001-06-04',964),(2970,2,9,'2001-10-16',2393),(2971,2,9,'2001-04-21',2386),(2972,2,9,'2001-03-10',1914),(2973,2,9,'2001-05-05',1839),(2974,2,9,'2001-08-14',1791),(2975,2,7,'2001-01-16',2295),(2976,2,7,'2001-02-17',1459),(2977,2,7,'2001-07-17',1084),(2978,2,7,'2001-12-10',990),(2979,2,7,'2001-05-17',802),(2980,2,3,'2001-12-03',2492),(2981,2,3,'2001-07-24',2408),(2982,2,3,'2001-06-03',2317),(2983,2,3,'2001-04-17',2011),(2984,2,3,'2001-07-31',467),(2985,2,1,'2001-11-22',2415),(2986,2,1,'2001-10-24',2361),(2987,2,1,'2001-09-04',1429),(2988,2,1,'2001-06-05',1408),(2989,2,1,'2001-07-14',1306),(2990,2,1,'2001-07-19',1070),(2991,2,1,'2001-02-12',555),(2992,2,1,'2001-09-23',481),(2993,2,8,'2001-06-18',2493),(2994,2,8,'2001-11-05',2491),(2995,2,8,'2001-12-29',1687),(2996,2,8,'2001-07-01',1270),(2997,2,8,'2001-02-01',954),(2998,2,8,'2001-10-24',724),(2999,2,8,'2001-01-27',688),(3000,2,6,'2001-09-29',1805),(3001,2,6,'2001-04-30',1540),(3002,2,6,'2001-12-21',862),(3003,2,6,'2001-11-23',581),(3004,2,13,'2001-08-13',1358),(3005,2,13,'2001-05-08',1206),(3006,2,13,'2001-10-09',674),(3007,2,13,'2001-11-02',606),(3008,2,2,'2001-04-27',1864),(3009,2,2,'2001-03-25',1284),(3010,2,2,'2001-02-26',606),(3011,2,2,'2001-05-13',410),(3012,2,10,'2001-05-17',1915),(3013,2,10,'2001-12-20',523),(3014,2,10,'2001-05-06',436),(3015,2,14,'2001-03-31',1219),(3016,2,14,'2001-06-04',1081),(3017,2,14,'2001-06-30',1051),(3018,2,14,'2001-08-03',434),(3019,2,4,'2001-12-31',1559),(3020,2,4,'2001-07-01',1558),(3021,2,4,'2001-12-07',645),(3022,2,5,'2001-10-27',1990),(3023,2,5,'2001-07-04',1725),(3024,2,5,'2001-08-17',1710),(3025,2,5,'2001-04-25',1644),(3026,2,5,'2001-07-09',1457),(3027,2,5,'2001-07-31',1309),(3028,2,5,'2001-12-29',1195),(3029,2,5,'2001-01-19',443),(3030,8,11,'2001-09-22',1978),(3031,8,11,'2001-02-13',1866),(3032,8,11,'2001-12-02',1254),(3033,8,11,'2001-01-10',1050),(3034,8,11,'2001-04-03',1009),(3035,8,11,'2001-03-28',755),(3036,8,11,'2001-12-30',754),(3037,8,12,'2001-07-08',2357),(3038,8,12,'2001-12-21',2033),(3039,8,12,'2001-10-09',1998),(3040,8,12,'2001-10-30',1662),(3041,8,12,'2001-03-30',1494),(3042,8,12,'2001-05-14',1472),(3043,8,12,'2001-04-21',457),(3044,8,9,'2001-04-17',1329),(3045,8,9,'2001-07-04',1145),(3046,8,7,'2001-11-18',2283),(3047,8,3,'2001-12-22',2339),(3048,8,3,'2001-12-20',2171),(3049,8,3,'2001-03-03',1627),(3050,8,3,'2001-02-14',1529),(3051,8,1,'2001-03-30',2364),(3052,8,1,'2001-07-26',1706),(3053,8,1,'2001-12-13',1462),(3054,8,1,'2001-08-20',1403),(3055,8,1,'2001-06-10',374),(3056,8,8,'2001-02-19',1597),(3057,8,8,'2001-02-17',1204),(3058,8,6,'2001-02-01',2173),(3059,8,6,'2001-06-07',1855),(3060,8,6,'2001-01-07',799),(3061,8,6,'2001-05-11',342),(3062,8,13,'2001-03-14',1745),(3063,8,13,'2001-04-05',1163),(3064,8,13,'2001-06-01',927),(3065,8,13,'2001-12-09',743),(3066,8,13,'2001-08-01',575),(3067,8,13,'2001-10-18',253),(3068,8,2,'2001-12-18',2482),(3069,8,2,'2001-06-25',2014),(3070,8,2,'2001-06-07',1993),(3071,8,2,'2001-10-13',1042),(3072,8,2,'2001-05-16',793),(3073,8,2,'2001-05-26',409),(3074,8,10,'2001-05-02',1948),(3075,8,10,'2001-03-25',1935),(3076,8,10,'2001-03-20',492),(3077,8,14,'2001-04-29',1437),(3078,8,14,'2001-09-30',1201),(3079,8,14,'2001-06-20',726),(3080,8,4,'2001-09-28',2488),(3081,8,4,'2001-08-24',2409),(3082,8,4,'2001-04-02',1693),(3083,8,4,'2001-06-17',1222),(3084,8,4,'2001-07-01',1221),(3085,8,4,'2001-09-26',988),(3086,8,4,'2001-01-28',523),(3087,8,5,'2001-03-25',2115),(3088,8,5,'2001-01-02',1979),(3089,8,5,'2001-10-13',1586),(3090,8,5,'2001-11-09',1459),(3091,8,5,'2001-02-28',1451),(3092,8,5,'2001-11-20',1347),(3093,8,5,'2001-01-15',1153),(3094,8,5,'2001-01-26',420),(3095,10,11,'2001-12-06',2064),(3096,10,12,'2001-05-28',2366),(3097,10,12,'2001-03-16',1977),(3098,10,12,'2001-03-09',1825),(3099,10,12,'2001-12-09',1742),(3100,10,12,'2001-07-10',596),(3101,10,9,'2001-11-17',2336),(3102,10,9,'2001-06-30',1183),(3103,10,9,'2001-04-08',1121),(3104,10,9,'2001-05-27',885),(3105,10,9,'2001-02-03',664),(3106,10,7,'2001-01-23',2116),(3107,10,7,'2001-04-04',1522),(3108,10,7,'2001-05-08',1286),(3109,10,7,'2001-10-13',1136),(3110,10,7,'2001-08-08',532),(3111,10,3,'2001-03-03',1015),(3112,10,3,'2001-07-05',996),(3113,10,1,'2001-10-04',2171),(3114,10,1,'2001-11-17',1367),(3115,10,8,'2001-04-08',2381),(3116,10,8,'2001-09-27',2232),(3117,10,8,'2001-04-29',1638),(3118,10,8,'2001-01-25',974),(3119,10,8,'2001-04-19',547),(3120,10,6,'2001-09-11',749),(3121,10,6,'2001-03-13',735),(3122,10,6,'2001-06-19',447),(3123,10,13,'2001-04-16',1509),(3124,10,13,'2001-07-31',650),(3125,10,13,'2001-08-26',559),(3126,10,2,'2001-10-24',1982),(3127,10,2,'2001-04-29',928),(3128,10,2,'2001-11-23',471),(3129,10,10,'2001-01-02',2142),(3130,10,10,'2001-08-08',2022),(3131,10,10,'2001-08-07',2000),(3132,10,10,'2001-04-13',1439),(3133,10,10,'2001-11-17',1425),(3134,10,10,'2001-04-16',832),(3135,10,10,'2001-11-14',593),(3136,10,10,'2001-08-11',451),(3137,10,14,'2001-05-24',1442),(3138,10,14,'2001-03-12',1267),(3139,10,4,'2001-05-05',2296),(3140,10,4,'2001-11-29',908),(3141,10,4,'2001-02-07',456),(3142,10,5,'2001-12-05',1735),(3143,10,5,'2001-06-12',1654),(3144,10,5,'2001-03-15',1610),(3145,10,5,'2001-08-21',1446),(3146,10,5,'2001-04-29',286),(3147,5,11,'2001-07-14',1982),(3148,5,11,'2001-09-02',1623),(3149,5,11,'2001-04-20',1294),(3150,5,11,'2001-10-07',941),(3151,5,12,'2001-04-04',2261),(3152,5,12,'2001-12-26',926),(3153,5,12,'2001-05-01',787),(3154,5,12,'2001-12-14',504),(3155,5,9,'2001-08-23',1787),(3156,5,9,'2001-08-16',1447),(3157,5,9,'2001-10-02',1384),(3158,5,9,'2001-12-17',1189),(3159,5,9,'2001-10-18',1168),(3160,5,9,'2001-11-08',814),(3161,5,9,'2001-07-07',751),(3162,5,9,'2001-07-24',691),(3163,5,9,'2001-09-08',615),(3164,5,7,'2001-07-21',2385),(3165,5,7,'2001-03-09',1703),(3166,5,3,'2001-01-04',2403),(3167,5,3,'2001-07-18',2167),(3168,5,1,'2001-05-31',2377),(3169,5,1,'2001-01-29',2010),(3170,5,1,'2001-12-02',1814),(3171,5,1,'2001-04-08',1444),(3172,5,1,'2001-03-01',404),(3173,5,8,'2001-07-30',1665),(3174,5,8,'2001-01-12',1654),(3175,5,8,'2001-10-27',813),(3176,5,8,'2001-07-05',802),(3177,5,6,'2001-05-23',1998),(3178,5,6,'2001-10-29',1339),(3179,5,6,'2001-11-09',1275),(3180,5,6,'2001-07-09',1069),(3181,5,6,'2001-12-31',645),(3182,5,6,'2001-05-07',543),(3183,5,13,'2001-09-08',2012),(3184,5,13,'2001-06-27',1876),(3185,5,13,'2001-09-21',1484),(3186,5,13,'2001-12-15',963),(3187,5,13,'2001-01-23',611),(3188,5,13,'2001-08-17',516),(3189,5,2,'2001-11-24',2265),(3190,5,2,'2001-09-19',1526),(3191,5,2,'2001-02-15',1372),(3192,5,10,'2001-10-08',2032),(3193,5,14,'2001-03-22',2369),(3194,5,14,'2001-08-25',2221),(3195,5,14,'2001-12-16',2083),(3196,5,14,'2001-07-07',1706),(3197,5,14,'2001-02-09',1269),(3198,5,14,'2001-12-19',581),(3199,5,4,'2001-04-04',1980),(3200,5,4,'2001-11-21',1757),(3201,5,4,'2001-05-17',1006),(3202,5,5,'2001-10-28',1715),(3203,5,5,'2001-08-08',1113),(3204,5,5,'2001-05-16',576),(3205,5,5,'2001-11-21',510),(3206,12,11,'2001-05-20',2318),(3207,12,11,'2001-05-28',1613),(3208,12,11,'2001-06-01',1584),(3209,12,11,'2001-06-13',1495),(3210,12,12,'2001-03-14',2137),(3211,12,12,'2001-07-14',2096),(3212,12,12,'2001-05-13',1937),(3213,12,12,'2001-09-22',1428),(3214,12,12,'2001-02-15',1398),(3215,12,12,'2001-11-24',776),(3216,12,12,'2001-06-26',669),(3217,12,12,'2001-03-31',624),(3218,12,12,'2001-07-26',534),(3219,12,9,'2001-06-07',1987),(3220,12,9,'2001-05-21',1740),(3221,12,9,'2001-02-24',1506),(3222,12,9,'2001-05-29',936),(3223,12,9,'2001-11-22',827),(3224,12,7,'2001-01-26',1994),(3225,12,7,'2001-05-21',1590),(3226,12,7,'2001-06-06',947),(3227,12,7,'2001-07-09',742),(3228,12,7,'2001-05-10',735),(3229,12,7,'2001-10-08',733),(3230,12,7,'2001-01-29',414),(3231,12,7,'2001-09-21',269),(3232,12,3,'2001-01-08',2191),(3233,12,3,'2001-04-05',1511),(3234,12,1,'2001-06-26',2168),(3235,12,1,'2001-04-12',1629),(3236,12,1,'2001-07-04',1518),(3237,12,1,'2001-05-27',1030),(3238,12,1,'2001-10-14',508),(3239,12,8,'2001-02-10',1261),(3240,12,8,'2001-12-13',1209),(3241,12,6,'2001-08-17',530),(3242,12,6,'2001-04-19',466),(3243,12,13,'2001-07-10',581),(3244,12,2,'2001-01-04',2276),(3245,12,2,'2001-12-27',2258),(3246,12,2,'2001-05-11',1877),(3247,12,2,'2001-06-03',1616),(3248,12,2,'2001-08-21',1517),(3249,12,2,'2001-09-25',1137),(3250,12,2,'2001-02-02',1077),(3251,12,2,'2001-07-06',1017),(3252,12,2,'2001-05-07',792),(3253,12,2,'2001-08-07',683),(3254,12,10,'2001-03-11',1577),(3255,12,10,'2001-12-30',1273),(3256,12,10,'2001-09-18',1273),(3257,12,10,'2001-11-10',889),(3258,12,10,'2001-01-03',264),(3259,12,14,'2001-08-17',1284),(3260,12,14,'2001-05-31',1269),(3261,12,14,'2001-08-31',681),(3262,12,4,'2001-08-14',2433),(3263,12,4,'2001-06-23',2328),(3264,12,4,'2001-12-31',795),(3265,12,4,'2001-12-04',777),(3266,12,4,'2001-07-31',597),(3267,12,5,'2001-05-29',2282),(3268,12,5,'2001-08-05',2135),(3269,12,5,'2001-03-10',1826),(3270,12,5,'2001-09-18',1648),(3271,12,5,'2001-12-09',1535),(3272,12,5,'2001-06-06',1518),(3273,12,5,'2001-03-03',1065),(3274,12,5,'2001-11-21',840),(3275,12,5,'2001-07-21',783),(3276,12,5,'2001-10-11',637),(3277,13,11,'2001-11-16',2493),(3278,13,11,'2001-11-05',269),(3279,13,12,'2001-06-14',1384),(3280,13,12,'2001-11-16',938),(3281,13,12,'2001-04-22',906),(3282,13,9,'2001-04-26',1384),(3283,13,9,'2001-06-16',446),(3284,13,7,'2001-04-30',1760),(3285,13,7,'2001-07-08',1221),(3286,13,7,'2001-08-06',1204),(3287,13,7,'2001-12-25',1181),(3288,13,7,'2001-09-30',1061),(3289,13,7,'2001-07-12',584),(3290,13,7,'2001-07-10',407),(3291,13,7,'2001-08-14',312),(3292,13,3,'2001-05-07',1546),(3293,13,3,'2001-10-04',1072),(3294,13,3,'2001-10-14',825),(3295,13,3,'2001-05-01',796),(3296,13,1,'2001-04-18',2055),(3297,13,1,'2001-04-05',1405),(3298,13,1,'2001-01-18',1255),(3299,13,1,'2001-09-07',1151),(3300,13,1,'2001-01-10',1008),(3301,13,1,'2001-10-04',654),(3302,13,8,'2001-05-08',1983),(3303,13,8,'2001-03-18',1348),(3304,13,8,'2001-05-03',555),(3305,13,8,'2001-10-14',482),(3306,13,8,'2001-08-10',414),(3307,13,6,'2001-01-21',2213),(3308,13,6,'2001-03-24',2110),(3309,13,6,'2001-12-28',614),(3310,13,6,'2001-03-30',274),(3311,13,13,'2001-01-19',2113),(3312,13,13,'2001-12-17',1766),(3313,13,13,'2001-05-03',1251),(3314,13,13,'2001-08-18',663),(3315,13,2,'2001-11-05',1978),(3316,13,2,'2001-04-09',1816),(3317,13,2,'2001-01-17',463),(3318,13,10,'2001-03-13',2290),(3319,13,10,'2001-10-14',1869),(3320,13,10,'2001-01-18',1795),(3321,13,10,'2001-08-21',1658),(3322,13,10,'2001-12-05',1219),(3323,13,10,'2001-05-07',1213),(3324,13,10,'2001-07-26',1117),(3325,13,10,'2001-03-21',288),(3326,13,14,'2001-01-19',1829),(3327,13,14,'2001-08-19',1326),(3328,13,14,'2001-07-11',1099),(3329,13,14,'2001-08-31',1064),(3330,13,14,'2001-08-12',932),(3331,13,14,'2001-03-19',823),(3332,13,14,'2001-06-14',667),(3333,13,14,'2001-07-06',653),(3334,13,14,'2001-08-29',637),(3335,13,14,'2001-10-27',632),(3336,13,14,'2001-03-02',415),(3337,13,4,'2001-12-29',2491),(3338,13,4,'2001-10-04',2429),(3339,13,4,'2001-08-13',2425),(3340,13,4,'2001-04-27',2357),(3341,13,4,'2001-07-31',2167),(3342,13,4,'2001-09-18',1073),(3343,13,4,'2001-09-10',808),(3344,13,4,'2001-11-08',597),(3345,13,5,'2001-08-27',1716),(3346,13,5,'2001-10-01',854),(3347,13,5,'2001-12-21',584),(3348,11,11,'2002-05-01',2491),(3349,11,11,'2002-12-25',2400),(3350,11,11,'2002-07-15',424),(3351,11,12,'2002-01-04',1745),(3352,11,12,'2002-05-20',1043),(3353,11,9,'2002-02-17',2006),(3354,11,9,'2002-10-30',1981),(3355,11,9,'2002-02-14',1609),(3356,11,9,'2002-09-27',1515),(3357,11,9,'2002-05-09',1241),(3358,11,9,'2002-07-14',1017),(3359,11,7,'2002-02-28',2146),(3360,11,7,'2002-11-03',2129),(3361,11,7,'2002-11-01',1364),(3362,11,3,'2002-08-04',2450),(3363,11,3,'2002-05-19',2449),(3364,11,3,'2002-09-08',1896),(3365,11,3,'2002-04-10',1881),(3366,11,3,'2002-09-09',1806),(3367,11,3,'2002-03-14',1639),(3368,11,3,'2002-11-21',1291),(3369,11,3,'2002-05-21',1242),(3370,11,3,'2002-10-09',1092),(3371,11,3,'2002-02-09',542),(3372,11,3,'2002-11-19',519),(3373,11,1,'2002-10-22',2295),(3374,11,1,'2002-04-18',2177),(3375,11,1,'2002-07-30',1846),(3376,11,1,'2002-09-06',1654),(3377,11,1,'2002-11-13',1466),(3378,11,1,'2002-03-10',1198),(3379,11,1,'2002-02-01',769),(3380,11,1,'2002-07-24',596),(3381,11,1,'2002-11-28',573),(3382,11,8,'2002-08-05',2201),(3383,11,8,'2002-08-16',1956),(3384,11,8,'2002-01-21',1767),(3385,11,8,'2002-09-09',1118),(3386,11,6,'2002-01-17',2491),(3387,11,6,'2002-05-03',2127),(3388,11,6,'2002-11-09',1905),(3389,11,6,'2002-10-10',1732),(3390,11,6,'2002-08-05',1631),(3391,11,6,'2002-07-18',1106),(3392,11,6,'2002-04-14',533),(3393,11,6,'2002-05-16',380),(3394,11,6,'2002-09-23',355),(3395,11,13,'2002-07-23',2202),(3396,11,13,'2002-11-09',1995),(3397,11,13,'2002-09-09',879),(3398,11,13,'2002-10-28',792),(3399,11,13,'2002-07-14',474),(3400,11,13,'2002-03-17',262),(3401,11,2,'2002-03-19',1684),(3402,11,2,'2002-07-10',1282),(3403,11,2,'2002-04-14',655),(3404,11,10,'2002-01-19',2390),(3405,11,10,'2002-12-11',1636),(3406,11,10,'2002-05-25',1419),(3407,11,10,'2002-06-02',669),(3408,11,10,'2002-02-21',628),(3409,11,14,'2002-07-14',2440),(3410,11,14,'2002-06-06',1649),(3411,11,14,'2002-10-31',720),(3412,11,4,'2002-12-31',2210),(3413,11,4,'2002-04-17',2141),(3414,11,4,'2002-09-06',1560),(3415,11,4,'2002-02-18',1415),(3416,11,4,'2002-09-19',1127),(3417,11,5,'2002-08-20',2165),(3418,11,5,'2002-12-28',1719),(3419,11,5,'2002-11-29',1471),(3420,11,5,'2002-12-09',978),(3421,11,5,'2002-12-12',374),(3422,6,11,'2002-12-15',2312),(3423,6,11,'2002-05-24',1499),(3424,6,12,'2002-01-09',2405),(3425,6,12,'2002-09-23',1683),(3426,6,12,'2002-05-14',1177),(3427,6,12,'2002-12-21',1105),(3428,6,12,'2002-01-25',486),(3429,6,12,'2002-06-15',408),(3430,6,12,'2002-09-23',294),(3431,6,12,'2002-05-04',262),(3432,6,9,'2002-07-30',2290),(3433,6,9,'2002-04-01',1897),(3434,6,9,'2002-11-20',1775),(3435,6,9,'2002-08-09',1452),(3436,6,9,'2002-07-15',1418),(3437,6,9,'2002-06-17',939),(3438,6,9,'2002-04-12',902),(3439,6,7,'2002-10-18',2430),(3440,6,7,'2002-01-08',2153),(3441,6,7,'2002-05-14',1795),(3442,6,7,'2002-10-13',1458),(3443,6,7,'2002-09-24',1456),(3444,6,7,'2002-04-13',1030),(3445,6,7,'2002-04-22',605),(3446,6,3,'2002-03-04',1541),(3447,6,3,'2002-06-01',1410),(3448,6,3,'2002-09-02',1383),(3449,6,3,'2002-06-21',1290),(3450,6,3,'2002-10-10',631),(3451,6,1,'2002-09-08',1947),(3452,6,1,'2002-07-31',1886),(3453,6,1,'2002-03-26',1854),(3454,6,1,'2002-11-02',847),(3455,6,1,'2002-03-13',778),(3456,6,8,'2002-09-15',2024),(3457,6,8,'2002-07-26',1915),(3458,6,6,'2002-01-22',2122),(3459,6,6,'2002-01-30',1048),(3460,6,6,'2002-02-07',988),(3461,6,6,'2002-03-18',638),(3462,6,6,'2002-04-04',521),(3463,6,6,'2002-12-03',259),(3464,6,13,'2002-02-11',2268),(3465,6,13,'2002-09-14',1865),(3466,6,13,'2002-06-26',1692),(3467,6,13,'2002-06-10',1479),(3468,6,13,'2002-02-06',1468),(3469,6,2,'2002-01-10',2462),(3470,6,2,'2002-04-04',1935),(3471,6,2,'2002-03-07',1272),(3472,6,2,'2002-10-22',374),(3473,6,10,'2002-04-23',2445),(3474,6,10,'2002-09-08',1811),(3475,6,10,'2002-03-07',1158),(3476,6,10,'2002-07-20',454),(3477,6,14,'2002-08-30',1453),(3478,6,14,'2002-01-15',1347),(3479,6,14,'2002-01-20',1058),(3480,6,14,'2002-02-19',830),(3481,6,4,'2002-08-23',2397),(3482,6,4,'2002-04-08',1488),(3483,6,4,'2002-04-13',1448),(3484,6,4,'2002-08-13',1415),(3485,6,4,'2002-02-01',1189),(3486,6,4,'2002-08-10',843),(3487,6,4,'2002-06-22',458),(3488,6,5,'2002-10-04',2038),(3489,6,5,'2002-12-31',343),(3490,1,11,'2002-05-05',1750),(3491,1,11,'2002-02-25',1019),(3492,1,11,'2002-05-16',816),(3493,1,11,'2002-03-04',539),(3494,1,11,'2002-10-01',289),(3495,1,12,'2002-01-17',2100),(3496,1,12,'2002-04-24',1679),(3497,1,12,'2002-01-25',1635),(3498,1,12,'2002-07-15',1271),(3499,1,12,'2002-05-20',552),(3500,1,12,'2002-12-09',334),(3501,1,9,'2002-04-07',2287),(3502,1,9,'2002-09-16',1987),(3503,1,9,'2002-10-04',1822),(3504,1,9,'2002-11-06',1483),(3505,1,9,'2002-02-27',1278),(3506,1,9,'2002-10-15',1025),(3507,1,7,'2002-03-05',2332),(3508,1,7,'2002-12-30',2292),(3509,1,7,'2002-07-23',1686),(3510,1,7,'2002-11-03',1010),(3511,1,7,'2002-06-20',726),(3512,1,7,'2002-01-09',440),(3513,1,3,'2002-07-20',2372),(3514,1,3,'2002-06-15',773),(3515,1,1,'2002-02-22',2058),(3516,1,1,'2002-01-07',2055),(3517,1,1,'2002-02-25',1366),(3518,1,1,'2002-04-27',961),(3519,1,1,'2002-11-26',878),(3520,1,1,'2002-08-13',569),(3521,1,1,'2002-01-03',471),(3522,1,8,'2002-02-27',2432),(3523,1,8,'2002-04-29',2398),(3524,1,8,'2002-11-14',1734),(3525,1,8,'2002-03-21',1378),(3526,1,6,'2002-12-09',2377),(3527,1,6,'2002-10-20',1920),(3528,1,6,'2002-12-11',1796),(3529,1,13,'2002-06-12',2056),(3530,1,13,'2002-10-16',1381),(3531,1,13,'2002-02-26',1290),(3532,1,13,'2002-05-11',1139),(3533,1,13,'2002-03-07',1121),(3534,1,13,'2002-09-05',1111),(3535,1,13,'2002-06-27',384),(3536,1,13,'2002-06-18',355),(3537,1,2,'2002-04-15',2343),(3538,1,2,'2002-04-20',1621),(3539,1,2,'2002-07-16',1278),(3540,1,2,'2002-02-07',862),(3541,1,2,'2002-03-23',452),(3542,1,2,'2002-06-30',399),(3543,1,10,'2002-08-26',1570),(3544,1,14,'2002-02-01',1452),(3545,1,14,'2002-01-02',1131),(3546,1,14,'2002-03-08',862),(3547,1,14,'2002-05-06',740),(3548,1,14,'2002-01-07',539),(3549,1,14,'2002-01-10',537),(3550,1,4,'2002-04-08',2045),(3551,1,4,'2002-02-22',1296),(3552,1,4,'2002-10-12',331),(3553,1,5,'2002-12-16',2116),(3554,1,5,'2002-10-05',1994),(3555,1,5,'2002-12-16',1623),(3556,7,11,'2002-11-03',1598),(3557,7,11,'2002-03-28',1024),(3558,7,12,'2002-04-24',1334),(3559,7,12,'2002-05-07',1049),(3560,7,12,'2002-05-25',708),(3561,7,9,'2002-08-12',745),(3562,7,9,'2002-07-16',686),(3563,7,9,'2002-05-01',628),(3564,7,9,'2002-07-08',620),(3565,7,7,'2002-07-15',2461),(3566,7,7,'2002-04-14',2328),(3567,7,7,'2002-11-04',2045),(3568,7,7,'2002-07-18',1573),(3569,7,7,'2002-10-29',1552),(3570,7,7,'2002-11-09',1284),(3571,7,7,'2002-10-25',1128),(3572,7,7,'2002-06-01',921),(3573,7,3,'2002-10-05',1419),(3574,7,3,'2002-04-03',897),(3575,7,3,'2002-07-10',759),(3576,7,1,'2002-06-20',2359),(3577,7,1,'2002-03-29',1726),(3578,7,1,'2002-12-08',1384),(3579,7,1,'2002-11-17',1274),(3580,7,1,'2002-11-03',877),(3581,7,8,'2002-11-24',2495),(3582,7,8,'2002-02-16',2174),(3583,7,8,'2002-11-18',1618),(3584,7,8,'2002-10-13',1230),(3585,7,8,'2002-09-12',952),(3586,7,6,'2002-09-21',1780),(3587,7,6,'2002-04-07',699),(3588,7,6,'2002-07-13',672),(3589,7,6,'2002-05-13',488),(3590,7,6,'2002-09-07',327),(3591,7,13,'2002-02-05',2191),(3592,7,13,'2002-11-03',2020),(3593,7,13,'2002-07-02',1857),(3594,7,13,'2002-12-02',576),(3595,7,2,'2002-12-16',2422),(3596,7,2,'2002-06-04',1848),(3597,7,2,'2002-04-08',1834),(3598,7,2,'2002-06-25',1576),(3599,7,2,'2002-09-08',1470),(3600,7,10,'2002-09-07',1054),(3601,7,10,'2002-01-09',920),(3602,7,14,'2002-07-10',1819),(3603,7,14,'2002-05-26',1742),(3604,7,14,'2002-09-21',1199),(3605,7,14,'2002-11-16',816),(3606,7,4,'2002-02-24',2236),(3607,7,4,'2002-07-11',2135),(3608,7,4,'2002-08-30',2051),(3609,7,4,'2002-04-01',727),(3610,7,4,'2002-06-06',465),(3611,7,5,'2002-01-02',2039),(3612,7,5,'2002-08-23',1885),(3613,7,5,'2002-06-05',1563),(3614,3,11,'2002-01-22',2180),(3615,3,11,'2002-05-14',1973),(3616,3,11,'2002-02-28',1424),(3617,3,11,'2002-11-11',513),(3618,3,12,'2002-03-23',1777),(3619,3,12,'2002-04-27',1646),(3620,3,12,'2002-12-24',1544),(3621,3,12,'2002-11-15',1401),(3622,3,12,'2002-01-20',659),(3623,3,12,'2002-12-12',625),(3624,3,9,'2002-09-22',2477),(3625,3,9,'2002-03-13',2375),(3626,3,9,'2002-01-17',1816),(3627,3,9,'2002-04-23',1508),(3628,3,9,'2002-09-21',884),(3629,3,9,'2002-02-15',431),(3630,3,7,'2002-03-22',2278),(3631,3,7,'2002-11-07',603),(3632,3,7,'2002-10-02',521),(3633,3,7,'2002-07-18',358),(3634,3,7,'2002-10-05',279),(3635,3,3,'2002-04-10',2333),(3636,3,3,'2002-11-22',1988),(3637,3,3,'2002-01-27',1865),(3638,3,3,'2002-06-26',1562),(3639,3,3,'2002-09-17',1492),(3640,3,1,'2002-01-23',2500),(3641,3,1,'2002-01-17',1922),(3642,3,1,'2002-06-29',1611),(3643,3,1,'2002-07-31',1075),(3644,3,8,'2002-04-17',1648),(3645,3,8,'2002-11-22',1570),(3646,3,8,'2002-02-27',1270),(3647,3,8,'2002-06-08',365),(3648,3,8,'2002-03-07',365),(3649,3,6,'2002-09-14',2340),(3650,3,6,'2002-09-09',2163),(3651,3,6,'2002-05-14',1331),(3652,3,6,'2002-09-10',869),(3653,3,13,'2002-11-01',2153),(3654,3,13,'2002-09-06',1853),(3655,3,13,'2002-07-27',1629),(3656,3,13,'2002-10-26',1455),(3657,3,2,'2002-05-06',1979),(3658,3,2,'2002-10-18',1487),(3659,3,2,'2002-10-23',1273),(3660,3,2,'2002-01-02',1178),(3661,3,10,'2002-12-16',2445),(3662,3,10,'2002-07-04',2305),(3663,3,10,'2002-11-30',2111),(3664,3,10,'2002-05-17',1841),(3665,3,10,'2002-03-06',489),(3666,3,14,'2002-07-29',1806),(3667,3,14,'2002-11-26',1532),(3668,3,14,'2002-05-30',295),(3669,3,4,'2002-05-06',2478),(3670,3,4,'2002-06-08',2212),(3671,3,4,'2002-01-18',1559),(3672,3,4,'2002-08-09',1361),(3673,3,4,'2002-11-18',1204),(3674,3,4,'2002-09-12',354),(3675,3,5,'2002-02-02',1535),(3676,3,5,'2002-07-24',1185),(3677,3,5,'2002-08-17',284),(3678,9,11,'2002-10-04',2162),(3679,9,11,'2002-11-25',835),(3680,9,11,'2002-09-15',833),(3681,9,11,'2002-12-03',735),(3682,9,12,'2002-03-28',2400),(3683,9,12,'2002-12-12',1750),(3684,9,12,'2002-06-22',1465),(3685,9,12,'2002-03-10',1242),(3686,9,12,'2002-04-23',1151),(3687,9,12,'2002-08-06',896),(3688,9,9,'2002-06-30',1929),(3689,9,9,'2002-10-24',1757),(3690,9,9,'2002-12-26',1535),(3691,9,9,'2002-12-19',1265),(3692,9,9,'2002-05-20',591),(3693,9,7,'2002-05-29',2193),(3694,9,3,'2002-10-16',2420),(3695,9,3,'2002-07-20',1699),(3696,9,1,'2002-11-05',2482),(3697,9,1,'2002-07-14',1693),(3698,9,1,'2002-09-07',1367),(3699,9,1,'2002-10-01',1356),(3700,9,1,'2002-04-11',554),(3701,9,8,'2002-01-04',2064),(3702,9,8,'2002-03-12',1759),(3703,9,8,'2002-05-31',1355),(3704,9,8,'2002-05-20',1082),(3705,9,6,'2002-10-22',2374),(3706,9,6,'2002-05-16',1839),(3707,9,6,'2002-12-05',987),(3708,9,6,'2002-01-03',545),(3709,9,13,'2002-11-16',2477),(3710,9,13,'2002-12-19',2180),(3711,9,13,'2002-12-24',871),(3712,9,13,'2002-05-18',605),(3713,9,13,'2002-10-24',558),(3714,9,13,'2002-12-06',322),(3715,9,13,'2002-01-18',256),(3716,9,2,'2002-07-14',1518),(3717,9,2,'2002-03-06',812),(3718,9,2,'2002-01-12',321),(3719,9,10,'2002-01-25',2278),(3720,9,10,'2002-02-11',2136),(3721,9,10,'2002-04-25',2111),(3722,9,10,'2002-01-12',2025),(3723,9,10,'2002-11-13',1236),(3724,9,10,'2002-01-11',1093),(3725,9,10,'2002-09-02',951),(3726,9,10,'2002-03-18',743),(3727,9,10,'2002-04-09',566),(3728,9,10,'2002-09-17',420),(3729,9,14,'2002-12-08',450),(3730,9,4,'2002-08-06',2496),(3731,9,4,'2002-06-26',2211),(3732,9,4,'2002-08-25',1671),(3733,9,4,'2002-07-21',1415),(3734,9,4,'2002-04-21',668),(3735,9,4,'2002-06-04',630),(3736,9,5,'2002-05-29',2422),(3737,9,5,'2002-08-18',1866),(3738,9,5,'2002-10-05',920),(3739,9,5,'2002-11-10',546),(3740,9,5,'2002-03-27',536),(3741,4,11,'2002-11-25',2484),(3742,4,11,'2002-09-15',2447),(3743,4,11,'2002-12-22',1978),(3744,4,11,'2002-07-28',1460),(3745,4,12,'2002-05-05',2196),(3746,4,12,'2002-08-05',1079),(3747,4,12,'2002-07-12',884),(3748,4,9,'2002-03-15',2033),(3749,4,9,'2002-07-29',1709),(3750,4,9,'2002-07-01',1702),(3751,4,9,'2002-12-17',1485),(3752,4,9,'2002-10-27',943),(3753,4,9,'2002-12-23',783),(3754,4,7,'2002-09-29',2472),(3755,4,7,'2002-02-08',692),(3756,4,3,'2002-01-15',2425),(3757,4,3,'2002-06-05',1713),(3758,4,3,'2002-01-22',1278),(3759,4,3,'2002-12-04',815),(3760,4,3,'2002-09-18',357),(3761,4,1,'2002-11-05',2423),(3762,4,1,'2002-07-31',1930),(3763,4,1,'2002-01-11',1829),(3764,4,1,'2002-12-03',1311),(3765,4,1,'2002-05-19',731),(3766,4,8,'2002-08-20',1704),(3767,4,8,'2002-05-19',1407),(3768,4,8,'2002-08-24',1285),(3769,4,8,'2002-03-07',1035),(3770,4,8,'2002-05-10',698),(3771,4,8,'2002-05-25',407),(3772,4,6,'2002-04-29',2472),(3773,4,6,'2002-07-31',2396),(3774,4,6,'2002-07-18',1926),(3775,4,6,'2002-10-14',1356),(3776,4,6,'2002-02-13',883),(3777,4,6,'2002-08-25',615),(3778,4,13,'2002-10-01',2354),(3779,4,13,'2002-08-16',1945),(3780,4,13,'2002-12-24',1515),(3781,4,13,'2002-08-08',1333),(3782,4,13,'2002-07-31',579),(3783,4,2,'2002-10-24',1032),(3784,4,2,'2002-12-17',807),(3785,4,2,'2002-10-30',711),(3786,4,2,'2002-11-14',593),(3787,4,10,'2002-03-10',2021),(3788,4,10,'2002-10-08',2011),(3789,4,10,'2002-02-01',1198),(3790,4,10,'2002-10-23',1112),(3791,4,10,'2002-10-25',788),(3792,4,10,'2002-01-08',349),(3793,4,10,'2002-10-07',303),(3794,4,14,'2002-04-04',1486),(3795,4,14,'2002-10-18',524),(3796,4,14,'2002-08-11',430),(3797,4,4,'2002-09-11',962),(3798,4,4,'2002-08-24',900),(3799,4,5,'2002-11-07',1644),(3800,4,5,'2002-03-15',1117),(3801,4,5,'2002-12-26',1022),(3802,4,5,'2002-03-15',694),(3803,2,11,'2002-12-31',2108),(3804,2,11,'2002-04-22',1534),(3805,2,11,'2002-04-09',554),(3806,2,12,'2002-10-23',2255),(3807,2,12,'2002-01-05',2142),(3808,2,12,'2002-10-16',1949),(3809,2,12,'2002-05-30',1022),(3810,2,12,'2002-06-04',940),(3811,2,12,'2002-10-11',572),(3812,2,12,'2002-10-25',507),(3813,2,9,'2002-07-30',2059),(3814,2,9,'2002-02-27',1768),(3815,2,9,'2002-04-13',595),(3816,2,7,'2002-11-06',2489),(3817,2,7,'2002-04-08',2470),(3818,2,7,'2002-09-03',2195),(3819,2,7,'2002-10-20',2014),(3820,2,7,'2002-02-21',1639),(3821,2,7,'2002-12-12',1621),(3822,2,7,'2002-04-21',1599),(3823,2,7,'2002-06-12',1017),(3824,2,3,'2002-10-10',2091),(3825,2,3,'2002-09-08',2052),(3826,2,3,'2002-01-10',1948),(3827,2,3,'2002-06-30',1742),(3828,2,3,'2002-07-14',1733),(3829,2,3,'2002-06-21',1335),(3830,2,3,'2002-08-22',1329),(3831,2,3,'2002-12-21',1135),(3832,2,3,'2002-08-11',971),(3833,2,3,'2002-03-06',363),(3834,2,1,'2002-01-25',2198),(3835,2,1,'2002-07-03',1957),(3836,2,1,'2002-12-10',971),(3837,2,1,'2002-01-09',479),(3838,2,8,'2002-05-18',2432),(3839,2,8,'2002-05-19',2356),(3840,2,8,'2002-06-11',541),(3841,2,6,'2002-05-18',2412),(3842,2,6,'2002-09-24',2178),(3843,2,6,'2002-08-25',2091),(3844,2,13,'2002-04-18',2441),(3845,2,13,'2002-08-18',2009),(3846,2,13,'2002-05-05',1942),(3847,2,13,'2002-05-07',1926),(3848,2,13,'2002-09-20',1690),(3849,2,13,'2002-11-08',750),(3850,2,2,'2002-01-10',2092),(3851,2,2,'2002-07-19',2006),(3852,2,2,'2002-05-07',1828),(3853,2,2,'2002-03-22',1591),(3854,2,2,'2002-07-26',1479),(3855,2,2,'2002-03-31',525),(3856,2,10,'2002-08-17',1335),(3857,2,10,'2002-02-22',1134),(3858,2,10,'2002-04-15',381),(3859,2,14,'2002-05-21',2402),(3860,2,14,'2002-07-31',2275),(3861,2,14,'2002-02-13',1732),(3862,2,14,'2002-07-18',258),(3863,2,4,'2002-01-08',2274),(3864,2,4,'2002-10-29',2160),(3865,2,4,'2002-08-11',1177),(3866,2,4,'2002-07-03',498),(3867,2,4,'2002-12-23',273),(3868,2,5,'2002-07-25',1797),(3869,2,5,'2002-03-13',1394),(3870,8,11,'2002-05-16',1442),(3871,8,11,'2002-10-09',1305),(3872,8,11,'2002-11-25',1247),(3873,8,11,'2002-07-14',721),(3874,8,11,'2002-03-22',301),(3875,8,12,'2002-07-12',2018),(3876,8,12,'2002-11-12',2006),(3877,8,12,'2002-12-14',840),(3878,8,12,'2002-04-30',555),(3879,8,12,'2002-12-09',366),(3880,8,9,'2002-04-27',2070),(3881,8,9,'2002-05-11',1960),(3882,8,9,'2002-05-16',1492),(3883,8,9,'2002-03-29',1325),(3884,8,9,'2002-03-25',1321),(3885,8,9,'2002-01-09',914),(3886,8,7,'2002-03-29',1501),(3887,8,7,'2002-04-19',997),(3888,8,7,'2002-03-23',348),(3889,8,3,'2002-09-23',748),(3890,8,1,'2002-06-24',2287),(3891,8,1,'2002-09-20',1784),(3892,8,1,'2002-07-23',1446),(3893,8,1,'2002-06-11',1309),(3894,8,1,'2002-05-02',1028),(3895,8,8,'2002-09-29',1781),(3896,8,6,'2002-03-09',1981),(3897,8,6,'2002-12-22',1618),(3898,8,13,'2002-04-06',2314),(3899,8,13,'2002-12-13',2243),(3900,8,13,'2002-01-19',1496),(3901,8,13,'2002-05-10',1231),(3902,8,13,'2002-09-13',794),(3903,8,13,'2002-02-02',295),(3904,8,2,'2002-11-04',1903),(3905,8,2,'2002-11-21',1731),(3906,8,2,'2002-05-15',725),(3907,8,2,'2002-02-24',352),(3908,8,10,'2002-07-17',1728),(3909,8,10,'2002-03-27',1715),(3910,8,10,'2002-08-30',1229),(3911,8,14,'2002-02-15',670),(3912,8,14,'2002-02-11',445),(3913,8,4,'2002-07-20',2168),(3914,8,4,'2002-03-30',657),(3915,8,4,'2002-01-12',477),(3916,8,5,'2002-07-01',2090),(3917,8,5,'2002-07-15',1788),(3918,8,5,'2002-09-11',1584),(3919,8,5,'2002-04-08',1341),(3920,8,5,'2002-09-17',681),(3921,10,11,'2002-06-13',2453),(3922,10,11,'2002-09-29',2151),(3923,10,11,'2002-06-02',2042),(3924,10,11,'2002-07-09',1799),(3925,10,11,'2002-08-17',1505),(3926,10,11,'2002-05-02',1481),(3927,10,12,'2002-02-21',1732),(3928,10,12,'2002-12-23',1543),(3929,10,12,'2002-05-23',1228),(3930,10,12,'2002-07-05',892),(3931,10,12,'2002-04-24',252),(3932,10,9,'2002-09-20',2215),(3933,10,9,'2002-11-16',1653),(3934,10,9,'2002-01-05',504),(3935,10,7,'2002-01-06',2349),(3936,10,7,'2002-03-02',2176),(3937,10,7,'2002-03-30',1463),(3938,10,7,'2002-04-03',1410),(3939,10,7,'2002-03-05',624),(3940,10,3,'2002-12-28',2303),(3941,10,3,'2002-01-05',1751),(3942,10,3,'2002-07-28',1580),(3943,10,3,'2002-10-12',1537),(3944,10,3,'2002-07-03',863),(3945,10,3,'2002-12-27',383),(3946,10,1,'2002-01-30',1490),(3947,10,1,'2002-09-27',858),(3948,10,1,'2002-08-02',592),(3949,10,1,'2002-04-06',381),(3950,10,8,'2002-03-14',1855),(3951,10,8,'2002-05-24',925),(3952,10,8,'2002-06-11',903),(3953,10,6,'2002-09-17',2447),(3954,10,6,'2002-09-07',2030),(3955,10,6,'2002-10-17',1916),(3956,10,6,'2002-08-21',1234),(3957,10,6,'2002-12-03',733),(3958,10,6,'2002-05-07',372),(3959,10,13,'2002-08-29',651),(3960,10,13,'2002-08-14',588),(3961,10,13,'2002-11-22',411),(3962,10,2,'2002-05-12',668),(3963,10,2,'2002-06-30',496),(3964,10,10,'2002-11-27',2483),(3965,10,10,'2002-04-07',2336),(3966,10,10,'2002-07-16',1862),(3967,10,10,'2002-02-25',1221),(3968,10,10,'2002-04-09',1110),(3969,10,10,'2002-03-05',997),(3970,10,10,'2002-12-20',688),(3971,10,10,'2002-01-29',537),(3972,10,14,'2002-04-12',2306),(3973,10,14,'2002-12-16',944),(3974,10,14,'2002-02-03',701),(3975,10,4,'2002-06-18',783),(3976,10,4,'2002-07-21',755),(3977,10,4,'2002-10-16',307),(3978,10,5,'2002-04-07',2216),(3979,10,5,'2002-12-17',1996),(3980,10,5,'2002-09-20',1993),(3981,5,11,'2002-12-27',1749),(3982,5,11,'2002-07-10',1279),(3983,5,12,'2002-09-30',2002),(3984,5,12,'2002-05-01',1661),(3985,5,9,'2002-06-13',801),(3986,5,9,'2002-04-29',782),(3987,5,9,'2002-08-31',265),(3988,5,7,'2002-03-28',2461),(3989,5,7,'2002-09-21',2295),(3990,5,7,'2002-09-14',1999),(3991,5,7,'2002-10-26',1590),(3992,5,7,'2002-01-13',934),(3993,5,7,'2002-06-23',865),(3994,5,3,'2002-10-09',2354),(3995,5,3,'2002-05-24',2008),(3996,5,3,'2002-01-02',1413),(3997,5,1,'2002-02-04',2447),(3998,5,1,'2002-12-10',1755),(3999,5,1,'2002-12-14',1471),(4000,5,1,'2002-05-23',444),(4001,5,8,'2002-06-18',2499),(4002,5,8,'2002-04-22',1940),(4003,5,8,'2002-06-06',1647),(4004,5,8,'2002-03-10',1111),(4005,5,8,'2002-07-05',810),(4006,5,8,'2002-04-19',720),(4007,5,6,'2002-11-02',2478),(4008,5,6,'2002-10-01',2198),(4009,5,6,'2002-12-27',1791),(4010,5,6,'2002-07-12',1690),(4011,5,6,'2002-05-15',1567),(4012,5,6,'2002-05-01',1200),(4013,5,6,'2002-10-14',1163),(4014,5,6,'2002-08-27',929),(4015,5,13,'2002-08-22',1779),(4016,5,13,'2002-09-29',1536),(4017,5,13,'2002-05-02',1527),(4018,5,13,'2002-05-14',1384),(4019,5,13,'2002-11-07',1217),(4020,5,13,'2002-12-07',254),(4021,5,2,'2002-11-07',2325),(4022,5,2,'2002-07-08',2110),(4023,5,2,'2002-02-22',2022),(4024,5,2,'2002-11-22',1025),(4025,5,2,'2002-01-16',968),(4026,5,2,'2002-11-30',968),(4027,5,10,'2002-05-12',1486),(4028,5,10,'2002-01-27',533),(4029,5,14,'2002-08-15',2242),(4030,5,14,'2002-09-25',2236),(4031,5,14,'2002-11-02',1529),(4032,5,14,'2002-08-28',611),(4033,5,14,'2002-03-22',521),(4034,5,14,'2002-11-30',333),(4035,5,4,'2002-03-29',1588),(4036,5,4,'2002-06-26',1157),(4037,5,4,'2002-12-09',964),(4038,5,4,'2002-03-24',865),(4039,5,4,'2002-01-28',357),(4040,5,5,'2002-02-17',699),(4041,12,11,'2002-04-19',1987),(4042,12,11,'2002-03-16',1869),(4043,12,11,'2002-03-05',1415),(4044,12,11,'2002-06-08',1259),(4045,12,11,'2002-09-04',843),(4046,12,11,'2002-04-20',675),(4047,12,12,'2002-11-04',2060),(4048,12,12,'2002-03-19',1688),(4049,12,12,'2002-12-20',1401),(4050,12,12,'2002-12-04',1357),(4051,12,12,'2002-07-02',1253),(4052,12,12,'2002-03-31',1101),(4053,12,12,'2002-03-05',1050),(4054,12,9,'2002-07-22',1754),(4055,12,9,'2002-03-04',948),(4056,12,7,'2002-06-15',1615),(4057,12,7,'2002-11-20',1246),(4058,12,7,'2002-04-29',748),(4059,12,7,'2002-03-07',725),(4060,12,7,'2002-05-02',541),(4061,12,7,'2002-10-06',457),(4062,12,3,'2002-02-14',1863),(4063,12,3,'2002-09-07',1824),(4064,12,3,'2002-05-12',1227),(4065,12,3,'2002-11-29',742),(4066,12,1,'2002-05-21',1937),(4067,12,1,'2002-08-17',1379),(4068,12,1,'2002-06-14',395),(4069,12,1,'2002-02-21',365),(4070,12,8,'2002-06-22',2245),(4071,12,8,'2002-08-05',2074),(4072,12,8,'2002-08-11',1474),(4073,12,8,'2002-12-17',1473),(4074,12,8,'2002-05-07',1152),(4075,12,8,'2002-09-01',963),(4076,12,8,'2002-06-05',849),(4077,12,8,'2002-10-19',794),(4078,12,6,'2002-09-12',1775),(4079,12,6,'2002-05-13',1648),(4080,12,6,'2002-10-14',1332),(4081,12,6,'2002-09-19',822),(4082,12,6,'2002-08-13',752),(4083,12,6,'2002-04-18',257),(4084,12,13,'2002-01-13',2221),(4085,12,13,'2002-08-12',1764),(4086,12,13,'2002-03-21',1453),(4087,12,13,'2002-04-24',671),(4088,12,2,'2002-05-08',2174),(4089,12,2,'2002-09-26',1726),(4090,12,10,'2002-06-30',2279),(4091,12,10,'2002-02-05',2142),(4092,12,10,'2002-09-27',1234),(4093,12,10,'2002-05-27',409),(4094,12,14,'2002-12-01',1855),(4095,12,14,'2002-04-17',1410),(4096,12,14,'2002-12-28',931),(4097,12,4,'2002-08-27',1948),(4098,12,4,'2002-09-09',1798),(4099,12,5,'2002-02-24',2477),(4100,12,5,'2002-04-11',2233),(4101,12,5,'2002-03-15',2168),(4102,12,5,'2002-06-21',2156),(4103,12,5,'2002-05-11',1949),(4104,12,5,'2002-06-06',1729),(4105,12,5,'2002-10-28',1199),(4106,13,11,'2002-07-15',884),(4107,13,12,'2002-02-14',2193),(4108,13,12,'2002-02-17',618),(4109,13,12,'2002-07-25',576),(4110,13,12,'2002-04-18',521),(4111,13,9,'2002-09-14',2242),(4112,13,9,'2002-02-04',1791),(4113,13,9,'2002-11-27',1294),(4114,13,9,'2002-02-23',1170),(4115,13,9,'2002-11-16',1035),(4116,13,9,'2002-04-12',786),(4117,13,7,'2002-06-29',1700),(4118,13,7,'2002-09-14',1574),(4119,13,7,'2002-06-13',644),(4120,13,7,'2002-03-05',541),(4121,13,3,'2002-06-22',2026),(4122,13,3,'2002-09-27',2024),(4123,13,3,'2002-03-27',576),(4124,13,1,'2002-07-11',397),(4125,13,8,'2002-08-17',2472),(4126,13,8,'2002-12-28',2442),(4127,13,8,'2002-10-03',2341),(4128,13,8,'2002-04-04',1722),(4129,13,8,'2002-04-10',501),(4130,13,6,'2002-10-29',1804),(4131,13,6,'2002-01-11',833),(4132,13,13,'2002-11-30',1639),(4133,13,13,'2002-03-24',1542),(4134,13,13,'2002-02-24',934),(4135,13,13,'2002-12-03',341),(4136,13,2,'2002-08-29',1912),(4137,13,2,'2002-05-11',1023),(4138,13,2,'2002-07-21',510),(4139,13,10,'2002-05-15',1846),(4140,13,10,'2002-05-18',1550),(4141,13,10,'2002-02-28',1061),(4142,13,10,'2002-02-21',694),(4143,13,10,'2002-01-13',487),(4144,13,14,'2002-08-20',2308),(4145,13,14,'2002-11-16',2186),(4146,13,14,'2002-09-01',2145),(4147,13,14,'2002-07-11',2036),(4148,13,14,'2002-12-02',1986),(4149,13,14,'2002-09-03',1477),(4150,13,14,'2002-08-02',1094),(4151,13,14,'2002-12-05',708),(4152,13,14,'2002-10-22',529),(4153,13,4,'2002-11-29',1237),(4154,13,4,'2002-06-02',863),(4155,13,4,'2002-05-07',611),(4156,13,4,'2002-07-29',562),(4157,13,4,'2002-01-05',552),(4158,13,4,'2002-03-10',413),(4159,13,4,'2002-03-04',371),(4160,13,5,'2002-01-20',1628),(4161,13,5,'2002-08-14',1383),(4162,13,5,'2002-09-22',947),(4163,13,5,'2002-01-21',907),(4164,13,5,'2002-04-02',307),(4165,11,11,'2003-01-26',1270),(4166,11,11,'2003-10-04',475),(4167,11,12,'2003-05-26',1806),(4168,11,12,'2003-06-02',678),(4169,11,12,'2003-08-30',545),(4170,11,12,'2003-02-25',355),(4171,11,9,'2003-10-06',2157),(4172,11,9,'2003-10-11',1733),(4173,11,9,'2003-12-13',1588),(4174,11,9,'2003-03-18',807),(4175,11,7,'2003-06-28',1728),(4176,11,7,'2003-01-02',989),(4177,11,3,'2003-07-30',2105),(4178,11,3,'2003-09-01',1417),(4179,11,3,'2003-07-21',1066),(4180,11,3,'2003-09-09',960),(4181,11,1,'2003-01-03',2374),(4182,11,1,'2003-10-11',2320),(4183,11,1,'2003-04-19',1897),(4184,11,1,'2003-12-16',1841),(4185,11,1,'2003-01-21',1309),(4186,11,1,'2003-09-28',1284),(4187,11,1,'2003-09-03',848),(4188,11,1,'2003-03-19',649),(4189,11,8,'2003-05-06',2444),(4190,11,8,'2003-09-17',2366),(4191,11,8,'2003-01-26',1970),(4192,11,8,'2003-06-08',1575),(4193,11,8,'2003-07-13',381),(4194,11,6,'2003-06-22',2036),(4195,11,6,'2003-07-28',1421),(4196,11,6,'2003-02-07',1315),(4197,11,6,'2003-06-26',563),(4198,11,13,'2003-06-20',1482),(4199,11,13,'2003-11-16',1435),(4200,11,13,'2003-05-13',1294),(4201,11,13,'2003-10-28',698),(4202,11,13,'2003-01-24',341),(4203,11,13,'2003-06-30',262),(4204,11,2,'2003-02-10',1841),(4205,11,10,'2003-11-07',2309),(4206,11,10,'2003-10-20',869),(4207,11,10,'2003-04-20',318),(4208,11,14,'2003-05-09',1903),(4209,11,14,'2003-10-22',1790),(4210,11,14,'2003-12-29',715),(4211,11,14,'2003-01-13',582),(4212,11,14,'2003-06-03',341),(4213,11,4,'2003-01-18',2398),(4214,11,4,'2003-11-05',1930),(4215,11,4,'2003-10-19',732),(4216,11,5,'2003-11-18',1990),(4217,11,5,'2003-06-21',1916),(4218,11,5,'2003-12-13',1389),(4219,11,5,'2003-11-23',1367),(4220,11,5,'2003-03-11',449),(4221,6,11,'2003-03-27',1925),(4222,6,12,'2003-12-23',1541),(4223,6,12,'2003-02-13',1037),(4224,6,12,'2003-02-04',863),(4225,6,12,'2003-10-23',467),(4226,6,9,'2003-10-24',2362),(4227,6,9,'2003-01-10',2356),(4228,6,9,'2003-12-21',1375),(4229,6,9,'2003-01-25',1345),(4230,6,9,'2003-03-30',395),(4231,6,9,'2003-12-05',268),(4232,6,7,'2003-05-09',1871),(4233,6,7,'2003-09-24',1567),(4234,6,7,'2003-03-19',1542),(4235,6,7,'2003-02-12',855),(4236,6,3,'2003-09-11',2205),(4237,6,3,'2003-06-23',1990),(4238,6,3,'2003-09-18',1739),(4239,6,3,'2003-07-31',1575),(4240,6,3,'2003-04-18',954),(4241,6,3,'2003-08-27',596),(4242,6,1,'2003-08-24',2120),(4243,6,1,'2003-08-13',2086),(4244,6,1,'2003-12-02',1471),(4245,6,1,'2003-01-21',994),(4246,6,8,'2003-04-19',905),(4247,6,8,'2003-12-15',525),(4248,6,6,'2003-05-31',2149),(4249,6,6,'2003-07-14',1965),(4250,6,6,'2003-01-13',1689),(4251,6,6,'2003-07-26',1117),(4252,6,6,'2003-11-21',421),(4253,6,13,'2003-02-25',2202),(4254,6,13,'2003-12-04',2092),(4255,6,13,'2003-05-09',1288),(4256,6,13,'2003-09-30',1124),(4257,6,13,'2003-11-10',836),(4258,6,2,'2003-03-08',2335),(4259,6,2,'2003-03-07',2276),(4260,6,2,'2003-10-22',2158),(4261,6,2,'2003-01-31',1472),(4262,6,2,'2003-03-08',1113),(4263,6,2,'2003-12-12',505),(4264,6,2,'2003-09-20',461),(4265,6,2,'2003-09-30',373),(4266,6,10,'2003-03-22',2148),(4267,6,10,'2003-08-16',1141),(4268,6,10,'2003-01-09',1007),(4269,6,10,'2003-12-03',867),(4270,6,10,'2003-08-07',824),(4271,6,10,'2003-04-05',745),(4272,6,10,'2003-06-25',319),(4273,6,14,'2003-04-01',2320),(4274,6,14,'2003-08-08',1620),(4275,6,14,'2003-03-25',1102),(4276,6,14,'2003-10-01',827),(4277,6,14,'2003-08-04',725),(4278,6,4,'2003-11-07',2455),(4279,6,4,'2003-01-11',2286),(4280,6,4,'2003-03-12',2185),(4281,6,4,'2003-07-11',2141),(4282,6,4,'2003-02-01',1132),(4283,6,4,'2003-05-28',356),(4284,6,5,'2003-07-27',2377),(4285,6,5,'2003-07-09',2195),(4286,6,5,'2003-11-28',419),(4287,6,5,'2003-05-09',397),(4288,1,11,'2003-04-17',2476),(4289,1,11,'2003-01-07',2461),(4290,1,11,'2003-11-19',2072),(4291,1,11,'2003-07-01',1391),(4292,1,11,'2003-08-17',328),(4293,1,12,'2003-09-04',2340),(4294,1,12,'2003-03-10',1716),(4295,1,12,'2003-12-08',1644),(4296,1,12,'2003-06-22',1599),(4297,1,12,'2003-02-15',448),(4298,1,9,'2003-06-13',2491),(4299,1,9,'2003-01-18',2328),(4300,1,9,'2003-01-30',1913),(4301,1,9,'2003-11-16',1866),(4302,1,9,'2003-02-06',1353),(4303,1,9,'2003-12-19',1133),(4304,1,9,'2003-12-01',1108),(4305,1,9,'2003-01-14',565),(4306,1,7,'2003-10-02',1596),(4307,1,7,'2003-01-27',1389),(4308,1,7,'2003-07-15',1246),(4309,1,7,'2003-07-01',853),(4310,1,3,'2003-03-24',2447),(4311,1,3,'2003-01-07',2297),(4312,1,3,'2003-03-26',2092),(4313,1,3,'2003-11-01',1996),(4314,1,3,'2003-12-27',1867),(4315,1,3,'2003-02-19',1478),(4316,1,1,'2003-09-20',2374),(4317,1,1,'2003-02-19',1260),(4318,1,8,'2003-09-24',2445),(4319,1,8,'2003-04-24',956),(4320,1,6,'2003-05-08',2133),(4321,1,6,'2003-10-25',2132),(4322,1,6,'2003-04-21',1990),(4323,1,6,'2003-05-17',1710),(4324,1,6,'2003-10-26',1435),(4325,1,6,'2003-04-19',789),(4326,1,6,'2003-04-11',589),(4327,1,6,'2003-07-07',417),(4328,1,13,'2003-05-17',2475),(4329,1,13,'2003-12-23',1694),(4330,1,13,'2003-10-05',1514),(4331,1,13,'2003-12-20',1068),(4332,1,13,'2003-04-11',1049),(4333,1,13,'2003-08-22',499),(4334,1,13,'2003-01-18',420),(4335,1,2,'2003-11-23',1642),(4336,1,2,'2003-02-14',1603),(4337,1,2,'2003-02-08',1437),(4338,1,2,'2003-08-08',1190),(4339,1,2,'2003-09-08',517),(4340,1,10,'2003-09-04',1948),(4341,1,10,'2003-03-29',1824),(4342,1,10,'2003-12-29',677),(4343,1,14,'2003-11-26',1922),(4344,1,14,'2003-09-11',1781),(4345,1,14,'2003-04-02',1360),(4346,1,14,'2003-09-07',1163),(4347,1,14,'2003-09-05',931),(4348,1,14,'2003-09-08',768),(4349,1,14,'2003-06-22',591),(4350,1,4,'2003-08-16',1885),(4351,1,4,'2003-01-09',1353),(4352,1,4,'2003-12-10',870),(4353,1,5,'2003-03-21',1493),(4354,1,5,'2003-07-13',1380),(4355,1,5,'2003-03-31',1181),(4356,1,5,'2003-04-07',987),(4357,1,5,'2003-01-25',732),(4358,1,5,'2003-09-12',516),(4359,7,11,'2003-11-23',2357),(4360,7,11,'2003-11-02',712),(4361,7,12,'2003-10-05',659),(4362,7,9,'2003-10-07',2291),(4363,7,9,'2003-11-03',1987),(4364,7,9,'2003-04-24',715),(4365,7,9,'2003-10-13',435),(4366,7,7,'2003-07-26',2392),(4367,7,7,'2003-12-15',2150),(4368,7,7,'2003-04-28',1012),(4369,7,7,'2003-11-10',916),(4370,7,3,'2003-08-14',2494),(4371,7,3,'2003-05-30',2002),(4372,7,3,'2003-03-17',1987),(4373,7,3,'2003-05-14',1307),(4374,7,3,'2003-04-23',1256),(4375,7,3,'2003-09-19',1127),(4376,7,1,'2003-06-27',1179),(4377,7,1,'2003-10-12',1059),(4378,7,1,'2003-09-15',744),(4379,7,8,'2003-11-14',2260),(4380,7,8,'2003-01-28',1923),(4381,7,8,'2003-11-27',1866),(4382,7,8,'2003-03-11',1746),(4383,7,8,'2003-07-05',1092),(4384,7,8,'2003-08-26',1035),(4385,7,8,'2003-03-06',509),(4386,7,8,'2003-01-26',298),(4387,7,6,'2003-03-28',2041),(4388,7,6,'2003-12-05',1125),(4389,7,6,'2003-07-19',776),(4390,7,6,'2003-06-10',442),(4391,7,6,'2003-12-24',354),(4392,7,13,'2003-01-09',2474),(4393,7,13,'2003-05-05',2427),(4394,7,13,'2003-05-29',2331),(4395,7,13,'2003-08-01',1994),(4396,7,13,'2003-03-20',674),(4397,7,2,'2003-10-19',2157),(4398,7,2,'2003-12-22',2114),(4399,7,2,'2003-08-26',1885),(4400,7,2,'2003-11-28',1794),(4401,7,2,'2003-07-20',1469),(4402,7,2,'2003-02-21',1148),(4403,7,2,'2003-10-16',1108),(4404,7,2,'2003-06-03',1102),(4405,7,2,'2003-05-12',749),(4406,7,2,'2003-07-05',521),(4407,7,10,'2003-02-20',2070),(4408,7,10,'2003-12-23',1889),(4409,7,10,'2003-12-30',1682),(4410,7,10,'2003-02-01',880),(4411,7,10,'2003-07-18',865),(4412,7,10,'2003-10-09',843),(4413,7,14,'2003-03-03',1912),(4414,7,14,'2003-06-25',686),(4415,7,4,'2003-01-02',2495),(4416,7,4,'2003-09-23',1948),(4417,7,4,'2003-06-17',1897),(4418,7,4,'2003-03-26',1789),(4419,7,4,'2003-05-09',1413),(4420,7,4,'2003-06-11',465),(4421,7,5,'2003-02-23',985),(4422,7,5,'2003-08-14',711),(4423,7,5,'2003-11-09',344),(4424,3,11,'2003-06-04',1047),(4425,3,11,'2003-11-17',1038),(4426,3,11,'2003-02-28',378),(4427,3,11,'2003-11-29',363),(4428,3,12,'2003-07-09',2443),(4429,3,12,'2003-05-23',2310),(4430,3,12,'2003-02-10',1568),(4431,3,12,'2003-10-23',1441),(4432,3,12,'2003-04-11',469),(4433,3,9,'2003-06-20',2425),(4434,3,9,'2003-11-04',2296),(4435,3,9,'2003-09-29',2012),(4436,3,9,'2003-09-19',1932),(4437,3,9,'2003-03-17',1810),(4438,3,9,'2003-11-06',1736),(4439,3,9,'2003-03-31',1604),(4440,3,7,'2003-09-12',2424),(4441,3,7,'2003-01-21',1454),(4442,3,7,'2003-01-12',377),(4443,3,3,'2003-10-08',2247),(4444,3,3,'2003-12-21',2130),(4445,3,3,'2003-01-03',1020),(4446,3,3,'2003-04-05',815),(4447,3,3,'2003-01-06',627),(4448,3,1,'2003-02-25',2387),(4449,3,1,'2003-07-06',2167),(4450,3,1,'2003-08-09',557),(4451,3,1,'2003-05-06',276),(4452,3,8,'2003-08-29',2081),(4453,3,8,'2003-02-24',1916),(4454,3,8,'2003-12-26',1785),(4455,3,8,'2003-05-01',1383),(4456,3,8,'2003-08-17',1326),(4457,3,8,'2003-11-15',1067),(4458,3,8,'2003-02-03',268),(4459,3,6,'2003-03-31',2460),(4460,3,6,'2003-11-26',2400),(4461,3,6,'2003-10-21',1464),(4462,3,6,'2003-10-08',1016),(4463,3,6,'2003-09-10',353),(4464,3,13,'2003-02-26',2310),(4465,3,13,'2003-11-25',1746),(4466,3,13,'2003-01-03',978),(4467,3,13,'2003-01-02',657),(4468,3,2,'2003-04-06',1690),(4469,3,2,'2003-10-20',1675),(4470,3,2,'2003-04-29',1426),(4471,3,2,'2003-04-04',1343),(4472,3,2,'2003-07-26',1283),(4473,3,2,'2003-07-16',778),(4474,3,2,'2003-12-22',624),(4475,3,2,'2003-08-12',351),(4476,3,10,'2003-02-05',1907),(4477,3,14,'2003-05-08',2380),(4478,3,14,'2003-05-01',2368),(4479,3,14,'2003-07-11',2278),(4480,3,14,'2003-03-30',2118),(4481,3,14,'2003-04-19',1738),(4482,3,14,'2003-04-11',504),(4483,3,4,'2003-01-10',2328),(4484,3,4,'2003-03-13',1941),(4485,3,4,'2003-08-05',1664),(4486,3,5,'2003-05-08',2306),(4487,3,5,'2003-04-11',2292),(4488,3,5,'2003-11-24',293),(4489,9,11,'2003-04-17',2217),(4490,9,11,'2003-05-21',1654),(4491,9,11,'2003-06-12',1357),(4492,9,12,'2003-05-28',2344),(4493,9,12,'2003-04-27',1363),(4494,9,12,'2003-01-15',811),(4495,9,9,'2003-01-04',1790),(4496,9,9,'2003-10-14',1665),(4497,9,9,'2003-08-02',1309),(4498,9,9,'2003-09-05',1242),(4499,9,9,'2003-02-17',371),(4500,9,7,'2003-01-14',2157),(4501,9,7,'2003-09-14',2089),(4502,9,7,'2003-02-05',910),(4503,9,7,'2003-06-21',497),(4504,9,3,'2003-04-16',2149),(4505,9,3,'2003-09-23',1491),(4506,9,3,'2003-08-31',1358),(4507,9,3,'2003-11-10',1207),(4508,9,3,'2003-04-07',728),(4509,9,3,'2003-08-12',259),(4510,9,1,'2003-05-17',1805),(4511,9,1,'2003-01-12',1251),(4512,9,8,'2003-07-18',2368),(4513,9,8,'2003-12-16',1624),(4514,9,8,'2003-01-28',1379),(4515,9,8,'2003-05-10',828),(4516,9,8,'2003-05-24',391),(4517,9,6,'2003-03-16',1032),(4518,9,6,'2003-10-19',830),(4519,9,13,'2003-08-28',2376),(4520,9,13,'2003-04-13',2106),(4521,9,13,'2003-04-22',2001),(4522,9,13,'2003-07-15',1949),(4523,9,13,'2003-09-15',1578),(4524,9,13,'2003-05-04',1302),(4525,9,13,'2003-09-30',797),(4526,9,13,'2003-12-03',768),(4527,9,2,'2003-02-15',2393),(4528,9,2,'2003-10-11',2082),(4529,9,2,'2003-03-27',1572),(4530,9,2,'2003-06-04',1395),(4531,9,2,'2003-10-07',899),(4532,9,2,'2003-09-26',811),(4533,9,2,'2003-11-01',645),(4534,9,10,'2003-11-20',2168),(4535,9,10,'2003-10-19',1402),(4536,9,10,'2003-12-26',991),(4537,9,10,'2003-05-23',489),(4538,9,14,'2003-09-27',2477),(4539,9,14,'2003-03-24',2469),(4540,9,14,'2003-02-09',1796),(4541,9,14,'2003-03-18',1410),(4542,9,4,'2003-11-07',1935),(4543,9,4,'2003-11-04',1844),(4544,9,4,'2003-06-01',1825),(4545,9,4,'2003-02-27',819),(4546,9,4,'2003-11-17',335),(4547,9,5,'2003-04-10',2393),(4548,9,5,'2003-03-20',1891),(4549,9,5,'2003-10-10',1004),(4550,4,11,'2003-04-12',2433),(4551,4,11,'2003-08-13',765),(4552,4,11,'2003-12-26',727),(4553,4,12,'2003-03-03',2215),(4554,4,12,'2003-02-08',1980),(4555,4,12,'2003-10-15',1926),(4556,4,12,'2003-08-17',1566),(4557,4,9,'2003-03-09',2471),(4558,4,9,'2003-11-18',1368),(4559,4,9,'2003-10-20',1231),(4560,4,9,'2003-12-30',967),(4561,4,9,'2003-04-11',648),(4562,4,7,'2003-10-23',2367),(4563,4,7,'2003-05-23',1282),(4564,4,7,'2003-02-10',1209),(4565,4,7,'2003-05-03',946),(4566,4,7,'2003-01-20',630),(4567,4,7,'2003-03-20',268),(4568,4,3,'2003-12-06',2413),(4569,4,3,'2003-06-05',1911),(4570,4,3,'2003-12-19',1809),(4571,4,3,'2003-05-09',1400),(4572,4,3,'2003-06-29',1131),(4573,4,3,'2003-01-14',1122),(4574,4,1,'2003-04-25',2123),(4575,4,1,'2003-08-14',1988),(4576,4,1,'2003-11-05',885),(4577,4,1,'2003-05-28',461),(4578,4,8,'2003-02-27',1398),(4579,4,8,'2003-09-29',1193),(4580,4,8,'2003-03-08',1082),(4581,4,6,'2003-11-22',1452),(4582,4,6,'2003-03-21',1421),(4583,4,6,'2003-12-15',1152),(4584,4,13,'2003-11-10',2123),(4585,4,13,'2003-07-07',1959),(4586,4,13,'2003-11-24',1532),(4587,4,13,'2003-08-08',1088),(4588,4,13,'2003-07-08',1052),(4589,4,2,'2003-06-28',2328),(4590,4,2,'2003-06-13',2294),(4591,4,2,'2003-04-21',1816),(4592,4,2,'2003-04-15',1533),(4593,4,2,'2003-11-08',414),(4594,4,10,'2003-03-05',580),(4595,4,10,'2003-09-16',493),(4596,4,10,'2003-02-27',411),(4597,4,14,'2003-10-24',1654),(4598,4,14,'2003-04-18',1176),(4599,4,14,'2003-12-10',526),(4600,4,4,'2003-03-25',2064),(4601,4,4,'2003-12-21',1830),(4602,4,4,'2003-01-29',1142),(4603,4,5,'2003-05-01',2455),(4604,4,5,'2003-07-09',2218),(4605,4,5,'2003-06-30',1873),(4606,4,5,'2003-05-02',1800),(4607,4,5,'2003-12-29',386),(4608,2,11,'2003-06-20',2358),(4609,2,11,'2003-10-21',1572),(4610,2,11,'2003-02-17',815),(4611,2,11,'2003-10-09',630),(4612,2,12,'2003-06-23',2207),(4613,2,12,'2003-04-16',2195),(4614,2,12,'2003-07-11',539),(4615,2,12,'2003-01-23',437),(4616,2,9,'2003-01-08',2155),(4617,2,9,'2003-04-12',349),(4618,2,7,'2003-01-27',2290),(4619,2,7,'2003-05-02',2056),(4620,2,7,'2003-08-09',1682),(4621,2,7,'2003-02-01',1643),(4622,2,7,'2003-01-16',1046),(4623,2,3,'2003-08-25',2136),(4624,2,3,'2003-09-23',2091),(4625,2,3,'2003-05-15',1824),(4626,2,3,'2003-12-19',1185),(4627,2,3,'2003-10-13',1025),(4628,2,3,'2003-02-25',608),(4629,2,3,'2003-09-17',295),(4630,2,1,'2003-01-14',2218),(4631,2,1,'2003-12-15',2015),(4632,2,1,'2003-12-18',1927),(4633,2,1,'2003-02-16',865),(4634,2,1,'2003-11-21',739),(4635,2,8,'2003-10-22',1863),(4636,2,8,'2003-08-22',1557),(4637,2,8,'2003-05-24',1199),(4638,2,8,'2003-08-30',818),(4639,2,8,'2003-06-30',756),(4640,2,8,'2003-01-05',510),(4641,2,8,'2003-07-08',482),(4642,2,6,'2003-10-14',1784),(4643,2,6,'2003-04-24',1622),(4644,2,6,'2003-04-12',1419),(4645,2,6,'2003-07-20',666),(4646,2,13,'2003-03-14',1567),(4647,2,13,'2003-05-02',823),(4648,2,2,'2003-04-16',2282),(4649,2,2,'2003-01-05',1182),(4650,2,10,'2003-06-12',1569),(4651,2,14,'2003-06-10',2330),(4652,2,14,'2003-02-28',1927),(4653,2,14,'2003-02-15',1032),(4654,2,14,'2003-10-05',720),(4655,2,14,'2003-08-04',608),(4656,2,4,'2003-10-24',2444),(4657,2,4,'2003-10-15',2134),(4658,2,4,'2003-10-06',1960),(4659,2,4,'2003-12-11',1821),(4660,2,4,'2003-08-19',1444),(4661,2,4,'2003-10-20',1238),(4662,2,4,'2003-08-26',957),(4663,2,5,'2003-08-04',2390),(4664,2,5,'2003-01-06',1755),(4665,2,5,'2003-02-18',840),(4666,8,11,'2003-04-29',1883),(4667,8,11,'2003-03-24',1645),(4668,8,11,'2003-01-03',386),(4669,8,12,'2003-07-28',2226),(4670,8,12,'2003-09-23',1863),(4671,8,12,'2003-12-06',1591),(4672,8,12,'2003-11-30',266),(4673,8,9,'2003-03-24',2265),(4674,8,9,'2003-05-28',1553),(4675,8,9,'2003-08-15',1279),(4676,8,9,'2003-12-23',990),(4677,8,9,'2003-05-10',783),(4678,8,9,'2003-10-10',607),(4679,8,9,'2003-06-18',406),(4680,8,7,'2003-02-04',1597),(4681,8,7,'2003-08-27',1149),(4682,8,7,'2003-06-21',426),(4683,8,7,'2003-03-02',325),(4684,8,3,'2003-01-23',1790),(4685,8,3,'2003-02-12',1509),(4686,8,3,'2003-10-13',1135),(4687,8,3,'2003-06-24',976),(4688,8,1,'2003-04-11',2480),(4689,8,1,'2003-06-07',1913),(4690,8,1,'2003-06-06',1833),(4691,8,1,'2003-08-11',1531),(4692,8,1,'2003-03-23',1414),(4693,8,1,'2003-09-20',587),(4694,8,1,'2003-05-13',352),(4695,8,8,'2003-02-10',2419),(4696,8,8,'2003-08-23',2294),(4697,8,8,'2003-05-07',767),(4698,8,13,'2003-05-10',2455),(4699,8,13,'2003-09-02',2274),(4700,8,13,'2003-03-01',2194),(4701,8,13,'2003-10-05',1741),(4702,8,13,'2003-04-13',1502),(4703,8,13,'2003-09-28',1481),(4704,8,13,'2003-10-26',1115),(4705,8,13,'2003-07-18',900),(4706,8,13,'2003-10-29',454),(4707,8,13,'2003-06-30',433),(4708,8,2,'2003-08-27',1691),(4709,8,2,'2003-09-07',1259),(4710,8,2,'2003-12-03',855),(4711,8,2,'2003-02-13',709),(4712,8,2,'2003-10-28',517),(4713,8,2,'2003-03-10',476),(4714,8,10,'2003-08-15',2079),(4715,8,10,'2003-09-15',1745),(4716,8,10,'2003-04-26',1389),(4717,8,10,'2003-03-27',1256),(4718,8,10,'2003-01-26',978),(4719,8,14,'2003-08-04',2393),(4720,8,14,'2003-06-25',2315),(4721,8,14,'2003-12-23',1677),(4722,8,14,'2003-07-28',568),(4723,8,14,'2003-02-01',442),(4724,8,4,'2003-05-07',2311),(4725,8,4,'2003-04-07',2187),(4726,8,4,'2003-02-06',1464),(4727,8,4,'2003-07-31',1201),(4728,8,5,'2003-01-25',2154),(4729,8,5,'2003-08-12',1244),(4730,8,5,'2003-04-18',793),(4731,8,5,'2003-01-03',787),(4732,8,5,'2003-10-20',691),(4733,10,11,'2003-12-07',1628),(4734,10,11,'2003-04-02',1111),(4735,10,11,'2003-01-23',991),(4736,10,11,'2003-04-20',766),(4737,10,11,'2003-11-17',696),(4738,10,12,'2003-10-18',2350),(4739,10,12,'2003-07-09',1859),(4740,10,12,'2003-08-01',1858),(4741,10,12,'2003-05-05',735),(4742,10,12,'2003-05-11',376),(4743,10,9,'2003-12-12',2167),(4744,10,9,'2003-12-30',2146),(4745,10,9,'2003-01-04',682),(4746,10,9,'2003-10-02',442),(4747,10,9,'2003-11-09',379),(4748,10,7,'2003-05-22',2379),(4749,10,7,'2003-05-13',1689),(4750,10,7,'2003-05-11',1661),(4751,10,3,'2003-07-05',2094),(4752,10,3,'2003-09-13',1603),(4753,10,3,'2003-12-09',1335),(4754,10,3,'2003-06-19',1062),(4755,10,3,'2003-05-17',546),(4756,10,3,'2003-07-13',416),(4757,10,3,'2003-06-07',403),(4758,10,1,'2003-06-03',2471),(4759,10,1,'2003-09-16',2391),(4760,10,1,'2003-06-17',1750),(4761,10,1,'2003-09-27',1562),(4762,10,1,'2003-08-25',1260),(4763,10,1,'2003-09-22',1072),(4764,10,1,'2003-12-09',722),(4765,10,1,'2003-09-23',596),(4766,10,1,'2003-03-12',567),(4767,10,1,'2003-05-19',457),(4768,10,8,'2003-04-25',1501),(4769,10,8,'2003-03-08',1421),(4770,10,8,'2003-08-18',1158),(4771,10,8,'2003-05-20',1028),(4772,10,8,'2003-01-02',964),(4773,10,8,'2003-12-12',904),(4774,10,8,'2003-03-28',461),(4775,10,6,'2003-03-06',2249),(4776,10,6,'2003-02-27',2101),(4777,10,6,'2003-02-01',1559),(4778,10,6,'2003-08-31',1322),(4779,10,6,'2003-05-21',1168),(4780,10,6,'2003-03-30',744),(4781,10,6,'2003-01-24',423),(4782,10,13,'2003-03-10',2326),(4783,10,2,'2003-04-12',2108),(4784,10,2,'2003-08-04',1164),(4785,10,2,'2003-10-21',754),(4786,10,10,'2003-03-07',2230),(4787,10,10,'2003-02-14',1944),(4788,10,10,'2003-08-11',1840),(4789,10,10,'2003-08-11',771),(4790,10,14,'2003-02-09',1751),(4791,10,14,'2003-12-11',1495),(4792,10,14,'2003-06-08',996),(4793,10,14,'2003-07-02',555),(4794,10,14,'2003-07-15',470),(4795,10,14,'2003-08-25',384),(4796,10,4,'2003-08-13',1915),(4797,10,4,'2003-10-02',1228),(4798,10,5,'2003-10-01',2181),(4799,10,5,'2003-09-15',1008),(4800,10,5,'2003-06-17',879),(4801,10,5,'2003-02-06',611),(4802,10,5,'2003-08-22',351),(4803,5,11,'2003-01-20',2393),(4804,5,11,'2003-09-20',2226),(4805,5,11,'2003-08-30',2009),(4806,5,11,'2003-10-08',1919),(4807,5,11,'2003-02-10',1517),(4808,5,11,'2003-06-18',1396),(4809,5,12,'2003-03-06',1905),(4810,5,12,'2003-01-19',1688),(4811,5,12,'2003-05-04',1289),(4812,5,12,'2003-09-13',1265),(4813,5,12,'2003-08-10',889),(4814,5,9,'2003-12-26',1238),(4815,5,9,'2003-10-05',472),(4816,5,7,'2003-12-09',1966),(4817,5,7,'2003-11-10',1962),(4818,5,7,'2003-03-23',1694),(4819,5,3,'2003-12-01',2392),(4820,5,3,'2003-11-01',1132),(4821,5,3,'2003-08-27',288),(4822,5,1,'2003-05-17',2281),(4823,5,1,'2003-11-18',2168),(4824,5,1,'2003-09-24',1696),(4825,5,1,'2003-12-21',1381),(4826,5,1,'2003-02-19',704),(4827,5,1,'2003-03-26',274),(4828,5,8,'2003-04-23',2126),(4829,5,8,'2003-02-18',1829),(4830,5,8,'2003-09-23',1015),(4831,5,8,'2003-08-13',796),(4832,5,6,'2003-12-20',2375),(4833,5,6,'2003-07-15',2348),(4834,5,6,'2003-06-02',2032),(4835,5,6,'2003-12-28',1337),(4836,5,13,'2003-12-28',1827),(4837,5,13,'2003-08-28',643),(4838,5,13,'2003-06-29',476),(4839,5,2,'2003-03-26',2499),(4840,5,2,'2003-06-07',1224),(4841,5,2,'2003-07-27',936),(4842,5,2,'2003-09-10',903),(4843,5,10,'2003-03-04',2211),(4844,5,10,'2003-05-15',2170),(4845,5,10,'2003-07-05',499),(4846,5,10,'2003-12-25',359),(4847,5,14,'2003-09-08',2436),(4848,5,14,'2003-07-13',2271),(4849,5,14,'2003-02-20',2103),(4850,5,14,'2003-10-20',1968),(4851,5,14,'2003-06-02',1668),(4852,5,14,'2003-05-28',1599),(4853,5,14,'2003-03-02',1368),(4854,5,14,'2003-01-03',612),(4855,5,14,'2003-09-12',482),(4856,5,4,'2003-10-27',2239),(4857,5,4,'2003-04-04',2216),(4858,5,4,'2003-12-06',1888),(4859,5,4,'2003-06-19',1871),(4860,5,4,'2003-11-21',1853),(4861,5,4,'2003-10-03',1050),(4862,5,4,'2003-04-30',991),(4863,5,4,'2003-05-24',459),(4864,5,5,'2003-03-15',2249),(4865,5,5,'2003-02-06',1977),(4866,5,5,'2003-10-29',1814),(4867,5,5,'2003-10-16',1560),(4868,5,5,'2003-07-28',962),(4869,5,5,'2003-05-17',805),(4870,5,5,'2003-04-02',523),(4871,12,11,'2003-11-10',1689),(4872,12,11,'2003-10-10',1042),(4873,12,11,'2003-12-26',1013),(4874,12,11,'2003-04-13',609),(4875,12,12,'2003-07-26',2237),(4876,12,12,'2003-08-21',1739),(4877,12,12,'2003-10-09',1127),(4878,12,12,'2003-01-08',516),(4879,12,12,'2003-02-15',276),(4880,12,9,'2003-02-16',2252),(4881,12,9,'2003-10-08',1952),(4882,12,9,'2003-02-16',456),(4883,12,7,'2003-01-22',2313),(4884,12,7,'2003-03-20',1457),(4885,12,7,'2003-03-19',881),(4886,12,7,'2003-12-16',837),(4887,12,3,'2003-06-25',1954),(4888,12,3,'2003-05-23',1889),(4889,12,3,'2003-06-16',1446),(4890,12,3,'2003-01-17',1426),(4891,12,3,'2003-12-04',535),(4892,12,3,'2003-08-06',302),(4893,12,1,'2003-11-11',1648),(4894,12,1,'2003-08-06',1402),(4895,12,1,'2003-11-05',1130),(4896,12,1,'2003-09-22',421),(4897,12,1,'2003-03-06',397),(4898,12,8,'2003-06-19',2454),(4899,12,8,'2003-11-11',2420),(4900,12,8,'2003-01-14',2342),(4901,12,8,'2003-08-19',2150),(4902,12,8,'2003-07-28',1913),(4903,12,8,'2003-02-14',1163),(4904,12,8,'2003-12-14',270),(4905,12,6,'2003-04-14',2164),(4906,12,6,'2003-08-24',2095),(4907,12,6,'2003-12-16',1557),(4908,12,6,'2003-07-29',1471),(4909,12,6,'2003-09-01',1249),(4910,12,6,'2003-10-09',327),(4911,12,13,'2003-01-22',2268),(4912,12,13,'2003-06-12',2255),(4913,12,13,'2003-06-07',1886),(4914,12,13,'2003-05-10',1547),(4915,12,13,'2003-07-24',1423),(4916,12,13,'2003-02-06',1233),(4917,12,13,'2003-11-15',1113),(4918,12,2,'2003-12-14',1638),(4919,12,2,'2003-12-09',1433),(4920,12,2,'2003-07-21',745),(4921,12,10,'2003-12-01',2162),(4922,12,10,'2003-10-18',1933),(4923,12,10,'2003-06-10',1631),(4924,12,10,'2003-01-07',1446),(4925,12,10,'2003-01-16',1249),(4926,12,10,'2003-04-26',1076),(4927,12,14,'2003-02-27',1883),(4928,12,14,'2003-11-11',411),(4929,12,4,'2003-03-03',2263),(4930,12,4,'2003-05-01',2024),(4931,12,4,'2003-06-23',1995),(4932,12,4,'2003-12-12',1647),(4933,12,4,'2003-12-11',647),(4934,12,5,'2003-07-08',1581),(4935,12,5,'2003-05-22',846),(4936,12,5,'2003-12-02',285),(4937,13,11,'2003-01-30',2167),(4938,13,11,'2003-11-02',1802),(4939,13,11,'2003-05-26',508),(4940,13,12,'2003-02-04',893),(4941,13,12,'2003-09-20',855),(4942,13,12,'2003-07-01',686),(4943,13,12,'2003-06-24',598),(4944,13,12,'2003-03-22',557),(4945,13,12,'2003-11-04',489),(4946,13,12,'2003-05-01',346),(4947,13,9,'2003-11-18',1678),(4948,13,9,'2003-10-06',997),(4949,13,7,'2003-10-16',2482),(4950,13,7,'2003-11-30',2338),(4951,13,7,'2003-12-10',1916),(4952,13,7,'2003-07-11',1591),(4953,13,7,'2003-02-23',1519),(4954,13,7,'2003-03-31',1017),(4955,13,7,'2003-02-04',745),(4956,13,7,'2003-07-22',603),(4957,13,3,'2003-09-07',2051),(4958,13,3,'2003-08-03',1164),(4959,13,3,'2003-01-26',1161),(4960,13,3,'2003-05-28',1144),(4961,13,3,'2003-01-07',457),(4962,13,3,'2003-12-21',285),(4963,13,1,'2003-12-25',2314),(4964,13,1,'2003-05-02',1351),(4965,13,1,'2003-11-01',1066),(4966,13,1,'2003-12-10',1045),(4967,13,1,'2003-03-21',612),(4968,13,1,'2003-04-26',330),(4969,13,1,'2003-03-17',326),(4970,13,8,'2003-10-27',1830),(4971,13,8,'2003-08-13',1439),(4972,13,8,'2003-04-29',728),(4973,13,8,'2003-09-14',578),(4974,13,13,'2003-06-26',2122),(4975,13,13,'2003-08-18',1917),(4976,13,13,'2003-05-13',745),(4977,13,13,'2003-05-26',739),(4978,13,13,'2003-05-18',574),(4979,13,13,'2003-07-20',397),(4980,13,2,'2003-04-29',1864),(4981,13,2,'2003-02-11',642),(4982,13,2,'2003-12-17',552),(4983,13,10,'2003-04-05',1860),(4984,13,10,'2003-11-12',1519),(4985,13,10,'2003-05-29',1027),(4986,13,14,'2003-06-06',1857),(4987,13,14,'2003-08-06',550),(4988,13,4,'2003-10-21',2206),(4989,13,4,'2003-10-29',2135),(4990,13,4,'2003-05-28',2090),(4991,13,4,'2003-02-05',1746),(4992,13,4,'2003-06-26',1109),(4993,13,4,'2003-07-13',535),(4994,13,5,'2003-02-20',2005),(4995,13,5,'2003-03-22',1910),(4996,13,5,'2003-09-18',1889),(4997,13,5,'2003-09-04',1359),(4998,2,3,'2004-05-12',251);
/*!40000 ALTER TABLE `ventas` ENABLE KEYS */;
UNLOCK TABLES;
/*!40103 SET TIME_ZONE=@OLD_TIME_ZONE */;

/*!40101 SET SQL_MODE=@OLD_SQL_MODE */;
/*!40014 SET FOREIGN_KEY_CHECKS=@OLD_FOREIGN_KEY_CHECKS */;
/*!40014 SET UNIQUE_CHECKS=@OLD_UNIQUE_CHECKS */;
/*!40101 SET CHARACTER_SET_CLIENT=@OLD_CHARACTER_SET_CLIENT */;
/*!40101 SET CHARACTER_SET_RESULTS=@OLD_CHARACTER_SET_RESULTS */;
/*!40101 SET COLLATION_CONNECTION=@OLD_COLLATION_CONNECTION */;
/*!40111 SET SQL_NOTES=@OLD_SQL_NOTES */;

-- Dump completed on 2013-04-10 18:27:53
